1.9469e-09,4.3225e-09,8.2962e-09
3.0948e-08,6.87e-08,1.3179e-07
1.5565e-07,3.4548e-07,6.6245e-07
4.8874e-07,1.0846e-06,2.0787e-06
1.1854e-06,2.6302e-06,5.0386e-06
2.442e-06,5.4175e-06,1.0373e-05
4.4944e-06,9.9692e-06,1.9079e-05
7.6168e-06,1.6893e-05,3.2313e-05
1.212e-05,2.6876e-05,5.1384e-05
1.8351e-05,4.0687e-05,7.775e-05
2.6691e-05,5.9166e-05,0.00011301
3.7551e-05,8.3228e-05,0.00015888
5.1378e-05,0.00011386,0.00021724
6.8647e-05,0.0001521,0.00029006
8.986e-05,0.00019907,0.00037944
0.00011555,0.00025594,0.00048759
0.00014628,0.00032394,0.00061682
0.00018262,0.00040436,0.00076954
0.00022518,0.00049852,0.00094825
0.0002746,0.00060783,0.0011556
0.00033153,0.00073372,0.0013941
0.00039664,0.00087765,0.0016667
0.00047061,0.0010412,0.0019762
0.00055416,0.0012258,0.0023254
0.00064801,0.0014332,0.0027172
0.00075291,0.0016649,0.0031548
0.00086962,0.0019226,0.0036412
0.0009989,0.002208,0.0041794
0.0011415,0.0025229,0.0047727
0.0012983,0.002869,0.0054243
0.0014701,0.0032479,0.0061373
0.0016577,0.0036616,0.0069151
0.0018618,0.0041119,0.0077608
0.0020834,0.0046004,0.008678
0.0023233,0.0051292,0.0096697
0.0025823,0.0057,0.010739
0.0028613,0.0063147,0.011891
0.0031611,0.0069752,0.013126
0.0034827,0.0076833,0.01445
0.0038268,0.0084409,0.015866
0.0041943,0.0092499,0.017376
0.0045862,0.010112,0.018984
0.0050032,0.01103,0.020693
0.0054463,0.012004,0.022508
0.0059163,0.013038,0.02443
0.006414,0.014132,0.026463
0.0069404,0.015289,0.028612
0.0074963,0.01651,0.030878
0.0080825,0.017798,0.033264
0.0086999,0.019154,0.035775
0.0093494,0.02058,0.038413
0.010032,0.022077,0.041182
0.010748,0.023649,0.044084
0.011498,0.025295,0.047122
0.012284,0.027019,0.050299
0.013107,0.028821,0.053618
0.013966,0.030705,0.057083
0.014863,0.03267,0.060695
0.015798,0.034719,0.064457
0.016773,0.036854,0.068373
0.017788,0.039076,0.072444
0.018844,0.041387,0.076674
0.019941,0.043787,0.081064
0.02108,0.04628,0.085618
0.022263,0.048866,0.090336
0.023489,0.051547,0.095223
0.02476,0.054324,0.10028
0.026076,0.057199,0.10551
0.027437,0.060172,0.11091
0.028845,0.063246,0.11649
0.0303,0.066422,0.12225
0.031802,0.0697,0.12818
0.033353,0.073083,0.1343
0.034952,0.076571,0.1406
0.036601,0.080165,0.14709
0.038299,0.083866,0.15376
0.040048,0.087677,0.16062
0.041848,0.091597,0.16766
0.043699,0.095627,0.1749
0.045602,0.099769,0.18233
0.047557,0.10402,0.18995
0.049566,0.10839,0.19776
0.051627,0.11287,0.20577
0.053742,0.11747,0.21397
0.055911,0.12218,0.22237
0.058134,0.12701,0.23096
0.060412,0.13196,0.23975
0.062744,0.13702,0.24874
0.065133,0.1422,0.25792
0.067576,0.1475,0.2673
0.070076,0.15292,0.27688
0.072631,0.15846,0.28665
0.075243,0.16412,0.29662
0.077911,0.1699,0.30679
0.080636,0.1758,0.31716
0.083417,0.18182,0.32772
0.086256,0.18796,0.33847
0.089151,0.19422,0.34942
0.092104,0.2006,0.36057
0.095114,0.2071,0.37191
0.098181,0.21373,0.38344
0.10131,0.22047,0.39516
0.10449,0.22734,0.40708
0.10773,0.23433,0.41918
0.11102,0.24144,0.43147
0.11438,0.24867,0.44395
0.11779,0.25601,0.45662
0.12126,0.26348,0.46946
0.12478,0.27107,0.48249
0.12836,0.27878,0.4957
0.132,0.2866,0.50909
0.13569,0.29454,0.52266
0.13944,0.3026,0.5364
0.14325,0.31078,0.55031
0.14711,0.31907,0.56439
0.15103,0.32748,0.57864
0.155,0.336,0.59306
0.15903,0.34464,0.60764
0.16312,0.35339,0.62238
0.16725,0.36225,0.63728
0.17144,0.37122,0.65233
0.17569,0.38031,0.66754
0.17998,0.3895,0.6829
0.18434,0.3988,0.6984
0.18874,0.40821,0.71404
0.19319,0.41772,0.72983
0.1977,0.42734,0.74576
0.20225,0.43706,0.76181
0.20686,0.44688,0.778
0.21152,0.4568,0.79432
0.21622,0.46683,0.81076
0.22098,0.47695,0.82732
0.22578,0.48717,0.84399
0.23063,0.49748,0.86078
0.23552,0.50789,0.87768
0.24047,0.51839,0.89468
0.24545,0.52898,0.91179
0.25049,0.53966,0.92899
0.25556,0.55042,0.94629
0.26068,0.56128,0.96367
0.26585,0.57221,0.98114
0.27105,0.58323,0.99869
0.2763,0.59433,1.0163
0.28158,0.60551,1.034
0.28691,0.61677,1.0518
0.29228,0.6281,1.0696
0.29768,0.6395,1.0875
0.30312,0.65098,1.1055
0.3086,0.66252,1.1234
0.31411,0.67413,1.1415
0.31966,0.68581,1.1596
0.32524,0.69755,1.1777
0.33085,0.70935,1.1958
0.3365,0.72121,1.214
0.34217,0.73313,1.2322
0.34788,0.7451,1.2504
0.35362,0.75713,1.2686
0.35938,0.76921,1.2869
0.36517,0.78133,1.3051
0.37099,0.7935,1.3233
0.37683,0.80572,1.3416
0.3827,0.81797,1.3598
0.38859,0.83027,1.378
0.39451,0.8426,1.3961
0.40044,0.85497,1.4143
0.4064,0.86738,1.4324
0.41237,0.87981,1.4504
0.41836,0.89227,1.4685
0.42437,0.90475,1.4865
0.4304,0.91726,1.5044
0.43644,0.92979,1.5223
0.4425,0.94234,1.5401
0.44857,0.95491,1.5578
0.45465,0.96749,1.5755
0.46074,0.98008,1.593
0.46684,0.99268,1.6105
0.47295,1.0053,1.6279
0.47907,1.0179,1.6453
0.48519,1.0305,1.6625
0.49132,1.0431,1.6796
0.49745,1.0557,1.6966
0.50359,1.0683,1.7135
0.50973,1.0809,1.7303
0.51587,1.0935,1.7469
0.52201,1.1061,1.7634
0.52815,1.1186,1.7798
0.53429,1.1312,1.7961
0.54042,1.1437,1.8122
0.54655,1.1562,1.8281
0.55267,1.1687,1.8439
0.55879,1.1811,1.8595
0.5649,1.1935,1.875
0.571,1.2059,1.8903
0.57709,1.2183,1.9055
0.58317,1.2306,1.9204
0.58924,1.2429,1.9352
0.59529,1.2551,1.9498
0.60133,1.2673,1.9642
0.60736,1.2794,1.9784
0.61336,1.2915,1.9924
0.61935,1.3036,2.0062
0.62533,1.3156,2.0198
0.63128,1.3275,2.0332
0.63721,1.3394,2.0463
0.64312,1.3512,2.0593
0.64901,1.363,2.072
0.65488,1.3747,2.0845
0.66072,1.3863,2.0967
0.66653,1.3979,2.1087
0.67232,1.4094,2.1205
0.67808,1.4208,2.132
0.68381,1.4321,2.1433
0.68951,1.4434,2.1544
0.69518,1.4546,2.1651
0.70082,1.4657,2.1757
0.70643,1.4768,2.1859
0.712,1.4877,2.1959
0.71754,1.4986,2.2057
0.72305,1.5093,2.2151
0.72851,1.52,2.2243
0.73395,1.5306,2.2332
0.73934,1.5411,2.2418
0.74469,1.5515,2.2502
0.75001,1.5619,2.2582
0.75528,1.5721,2.266
0.76052,1.5822,2.2735
0.76571,1.5922,2.2807
0.77086,1.6021,2.2876
0.77596,1.6119,2.2942
0.78103,1.6216,2.3005
0.78604,1.6312,2.3065
0.79101,1.6407,2.3122
0.79594,1.6501,2.3176
0.80081,1.6594,2.3227
0.80564,1.6685,2.3275
0.81042,1.6776,2.3319
0.81516,1.6865,2.3361
0.81984,1.6953,2.34
0.82447,1.704,2.3435
0.82905,1.7126,2.3467
0.83358,1.721,2.3496
0.83806,1.7294,2.3522
0.84248,1.7376,2.3545
0.84685,1.7457,2.3565
0.85117,1.7537,2.3581
0.85543,1.7615,2.3595
0.85964,1.7693,2.3605
0.8638,1.7769,2.3612
0.8679,1.7843,2.3616
0.87194,1.7917,2.3616
0.87593,1.7989,2.3614
0.87986,1.806,2.3608
0.88373,1.813,2.3599
0.88755,1.8198,2.3587
0.8913,1.8266,2.3572
0.895,1.8331,2.3554
0.89865,1.8396,2.3533
0.90223,1.8459,2.3508
0.90576,1.8521,2.348
0.90922,1.8582,2.345
0.91263,1.8642,2.3416
0.91598,1.87,2.3379
0.91927,1.8757,2.3339
0.9225,1.8812,2.3297
0.92567,1.8866,2.3251
0.92878,1.8919,2.3202
0.93184,1.8971,2.315
0.93483,1.9022,2.3095
0.93776,1.9071,2.3038
0.94063,1.9119,2.2977
0.94345,1.9165,2.2914
0.9462,1.921,2.2848
0.9489,1.9255,2.2779
0.95153,1.9297,2.2707
0.95411,1.9339,2.2633
0.95662,1.9379,2.2556
0.95908,1.9418,2.2476
0.96148,1.9456,2.2393
0.96382,1.9493,2.2308
0.9661,1.9528,2.2221
0.96833,1.9562,2.2131
0.97049,1.9595,2.2038
0.9726,1.9627,2.1943
0.97465,1.9658,2.1846
0.97665,1.9688,2.1746
0.97858,1.9716,2.1644
0.98046,1.9743,2.1539
0.98229,1.9769,2.1433
0.98406,1.9794,2.1324
0.98577,1.9818,2.1213
0.98743,1.9841,2.11
0.98904,1.9863,2.0986
0.99059,1.9883,2.0869
0.99209,1.9903,2.075
0.99354,1.9922,2.0629
0.99493,1.9939,2.0507
0.99628,1.9956,2.0383
0.99757,1.9972,2.0257
0.99881,1.9986,2.0129
1,2,2
1.0011,2.0013,1.9869
1.0022,2.0025,1.9737
1.0033,2.0036,1.9604
1.0043,2.0046,1.9469
1.0052,2.0055,1.9333
1.0061,2.0064,1.9195
1.007,2.0071,1.9057
1.0078,2.0078,1.8917
1.0086,2.0084,1.8777
1.0093,2.0089,1.8635
1.01,2.0094,1.8493
1.0106,2.0098,1.8349
1.0112,2.0101,1.8205
1.0118,2.0104,1.8061
1.0123,2.0105,1.7915
1.0128,2.0107,1.7769
1.0133,2.0107,1.7623
1.0137,2.0107,1.7476
1.0141,2.0107,1.7329
1.0144,2.0106,1.7181
1.0147,2.0104,1.7033
1.015,2.0102,1.6885
1.0152,2.0099,1.6737
1.0154,2.0096,1.6589
1.0156,2.0093,1.6442
1.0158,2.0089,1.6294
1.0159,2.0085,1.6146
1.016,2.008,1.5999
1.016,2.0075,1.5852
1.0161,2.007,1.5705
1.0161,2.0064,1.5559
1.0161,2.0058,1.5414
1.016,2.0052,1.5269
1.016,2.0046,1.5124
1.0159,2.0039,1.4981
1.0158,2.0032,1.4838
1.0157,2.0025,1.4696
1.0155,2.0018,1.4556
1.0154,2.0011,1.4416
1.0152,2.0004,1.4277
1.015,1.9997,1.414
1.0148,1.9989,1.4003
1.0146,1.9982,1.3868
1.0143,1.9974,1.3735
1.0141,1.9967,1.3602
1.0138,1.9959,1.3472
1.0135,1.9952,1.3343
1.0133,1.9945,1.3215
1.013,1.9937,1.3089
1.0127,1.993,1.2965
1.0123,1.9923,1.2843
1.012,1.9916,1.2722
1.0117,1.991,1.2603
1.0114,1.9903,1.2487
1.011,1.9897,1.2372
1.0107,1.9891,1.226
1.0103,1.9885,1.2149
1.01,1.9879,1.2041
1.0096,1.9874,1.1935
1.0093,1.9869,1.1832
1.0089,1.9864,1.1731
1.0086,1.9859,1.1632
1.0082,1.9855,1.1535
1.0079,1.9851,1.1441
1.0075,1.9848,1.135
1.0072,1.9845,1.1261
1.0068,1.9842,1.1175
1.0065,1.9839,1.1091
1.0062,1.9837,1.1011
1.0058,1.9836,1.0933
1.0055,1.9834,1.0857
1.0052,1.9834,1.0785
1.0049,1.9833,1.0715
1.0046,1.9833,1.0649
1.0043,1.9834,1.0585
1.004,1.9835,1.0524
1.0037,1.9836,1.0466
1.0034,1.9838,1.0411
1.0032,1.984,1.036
1.0029,1.9843,1.0311
1.0026,1.9847,1.0265
1.0024,1.985,1.0223
1.0022,1.9855,1.0183
1.002,1.9859,1.0147
1.0018,1.9865,1.0114
1.0016,1.987,1.0084
1.0014,1.9876,1.0057
1.0012,1.9883,1.0033
1.001,1.989,1.0013
1.0009,1.9898,0.99956
1.0007,1.9906,0.99815
1.0006,1.9915,0.99707
1.0005,1.9924,0.99632
1.0004,1.9933,0.99588
1.0003,1.9943,0.99577
1.0002,1.9954,0.99597
1.0001,1.9965,0.9965
1.0001,1.9976,0.99735
1,1.9988,0.99851
1,2,1
0.99998,2.0013,1.0018
0.99996,2.0026,1.0039
0.99996,2.0039,1.0064
0.99997,2.0053,1.0091
0.99999,2.0067,1.0122
1,2.0082,1.0155
1.0001,2.0096,1.0192
1.0001,2.0112,1.0232
1.0002,2.0127,1.0274
1.0002,2.0143,1.032
1.0003,2.0159,1.0369
1.0004,2.0175,1.042
1.0005,2.0192,1.0475
1.0006,2.0209,1.0532
1.0007,2.0226,1.0593
1.0009,2.0243,1.0656
1.001,2.0261,1.0721
1.0011,2.0278,1.079
1.0013,2.0296,1.0861
1.0014,2.0314,1.0935
1.0016,2.0332,1.1011
1.0017,2.035,1.109
1.0019,2.0368,1.1172
1.0021,2.0386,1.1255
1.0023,2.0404,1.1342
1.0024,2.0423,1.143
1.0026,2.0441,1.1521
1.0028,2.0459,1.1614
1.003,2.0477,1.171
1.0032,2.0495,1.1807
1.0034,2.0512,1.1907
1.0036,2.053,1.2008
1.0038,2.0548,1.2112
1.004,2.0565,1.2217
1.0041,2.0582,1.2324
1.0043,2.0599,1.2433
1.0045,2.0615,1.2544
1.0047,2.0631,1.2657
1.0049,2.0647,1.2771
1.0051,2.0662,1.2886
1.0053,2.0678,1.3003
1.0054,2.0692,1.3121
1.0056,2.0706,1.3241
1.0058,2.072,1.3362
1.0059,2.0734,1.3484
1.0061,2.0746,1.3607
1.0062,2.0759,1.3732
1.0064,2.077,1.3857
1.0065,2.0781,1.3983
1.0066,2.0792,1.411
1.0067,2.0801,1.4238
1.0068,2.081,1.4367
1.0069,2.0819,1.4496
1.007,2.0827,1.4626
1.0071,2.0833,1.4756
1.0072,2.084,1.4886
1.0072,2.0845,1.5017
1.0073,2.0849,1.5149
1.0073,2.0853,1.528
1.0074,2.0856,1.5412
1.0074,2.0857,1.5543
1.0074,2.0858,1.5675
1.0074,2.0858,1.5807
1.0074,2.0857,1.5938
1.0074,2.0855,1.6069
1.0073,2.0852,1.62
1.0073,2.0848,1.633
1.0072,2.0843,1.646
1.0071,2.0836,1.659
1.007,2.0829,1.6719
1.0069,2.082,1.6847
1.0068,2.081,1.6975
1.0067,2.0799,1.7101
1.0066,2.0787,1.7227
1.0064,2.0774,1.7352
1.0063,2.0759,1.7476
1.0061,2.0743,1.7599
1.0059,2.0726,1.7721
1.0057,2.0708,1.7842
1.0055,2.0688,1.7961
1.0053,2.0667,1.8079
1.0051,2.0645,1.8196
1.0049,2.0621,1.8311
1.0046,2.0596,1.8425
1.0044,2.0569,1.8538
1.0041,2.0542,1.8648
1.0039,2.0512,1.8757
1.0036,2.0482,1.8865
1.0033,2.0449,1.897
1.003,2.0416,1.9074
1.0027,2.0381,1.9176
1.0024,2.0344,1.9276
1.0021,2.0307,1.9374
1.0018,2.0267,1.9469
1.0015,2.0226,1.9563
1.0012,2.0184,1.9655
1.0009,2.014,1.9745
1.0006,2.0095,1.9832
1.0003,2.0048,1.9917
1,2,2
0.9997,1.995,2.0081
0.9994,1.9899,2.0159
0.9991,1.9846,2.0234
0.99881,1.9792,2.0308
0.99853,1.9736,2.0379
0.99825,1.9679,2.0447
0.99799,1.9621,2.0513
0.99773,1.9561,2.0576
0.99749,1.9499,2.0637
0.99726,1.9436,2.0695
0.99704,1.9371,2.075
0.99684,1.9306,2.0803
0.99665,1.9238,2.0853
0.99649,1.9169,2.09
0.99634,1.9099,2.0945
0.99621,1.9028,2.0987
0.99611,1.8955,2.1026
0.99603,1.888,2.1062
0.99597,1.8805,2.1096
0.99595,1.8727,2.1126
0.99595,1.8649,2.1154
0.99598,1.8569,2.1179
0.99604,1.8488,2.1202
0.99613,1.8406,2.1221
0.99626,1.8322,2.1238
0.99643,1.8238,2.1252
0.99664,1.8152,2.1263
0.99688,1.8064,2.1271
0.99716,1.7976,2.1276
0.99749,1.7886,2.1279
0.99787,1.7796,2.1278
0.99829,1.7704,2.1275
0.99876,1.7611,2.1269
0.99928,1.7517,2.126
0.99985,1.7422,2.1249
1.0005,1.7326,2.1234
1.0012,1.7229,2.1217
1.0019,1.7132,2.1198
1.0027,1.7033,2.1175
1.0035,1.6933,2.115
1.0045,1.6832,2.1122
1.0054,1.6731,2.1091
1.0065,1.6629,2.1058
1.0076,1.6526,2.1022
1.0088,1.6422,2.0983
1.0101,1.6318,2.0942
1.0114,1.6213,2.0899
1.0128,1.6107,2.0852
1.0143,1.6001,2.0804
1.0159,1.5894,2.0753
1.0175,1.5787,2.0699
1.0192,1.5679,2.0643
1.0211,1.5571,2.0585
1.023,1.5462,2.0524
1.0249,1.5353,2.0461
1.027,1.5244,2.0396
1.0292,1.5134,2.0328
1.0314,1.5024,2.0259
1.0338,1.4914,2.0187
1.0363,1.4803,2.0113
1.0388,1.4693,2.0037
1.0414,1.4582,1.9959
1.0442,1.4472,1.9879
1.047,1.4361,1.9797
1.05,1.425,1.9713
1.0531,1.4139,1.9628
1.0562,1.4029,1.954
1.0595,1.3918,1.9451
1.0629,1.3808,1.936
1.0664,1.3698,1.9268
1.07,1.3588,1.9173
1.0737,1.3479,1.9078
1.0775,1.337,1.898
1.0815,1.3261,1.8882
1.0855,1.3153,1.8782
1.0897,1.3045,1.868
1.094,1.2937,1.8577
1.0985,1.2831,1.8473
1.103,1.2724,1.8368
1.1077,1.2619,1.8262
1.1125,1.2514,1.8154
1.1174,1.241,1.8046
1.1224,1.2306,1.7936
1.1276,1.2204,1.7826
1.1329,1.2102,1.7714
1.1383,1.2001,1.7602
1.1438,1.1901,1.7489
1.1495,1.1802,1.7376
1.1553,1.1704,1.7261
1.1613,1.1607,1.7146
1.1673,1.1511,1.7031
1.1735,1.1417,1.6915
1.1798,1.1323,1.6799
1.1863,1.1231,1.6682
1.1929,1.1139,1.6565
1.1996,1.105,1.6448
1.2064,1.0961,1.633
1.2134,1.0874,1.6212
1.2205,1.0788,1.6094
1.2277,1.0704,1.5976
1.2351,1.0621,1.5858
1.2425,1.0539,1.5741
1.2502,1.0459,1.5623
1.2579,1.0381,1.5505
1.2658,1.0304,1.5388
1.2738,1.0229,1.527
1.2819,1.0156,1.5154
1.2902,1.0084,1.5037
1.2985,1.0014,1.4921
1.307,0.99459,1.4805
1.3157,0.98795,1.469
1.3244,0.98149,1.4576
1.3333,0.97521,1.4462
1.3423,0.96913,1.4348
1.3514,0.96323,1.4236
1.3606,0.95753,1.4124
1.3699,0.95202,1.4013
1.3794,0.94671,1.3902
1.3889,0.9416,1.3793
1.3986,0.9367,1.3684
1.4084,0.932,1.3577
1.4183,0.92751,1.347
1.4283,0.92323,1.3365
1.4384,0.91917,1.326
1.4486,0.91532,1.3157
1.4589,0.91168,1.3055
1.4693,0.90826,1.2954
1.4798,0.90507,1.2854
1.4903,0.90209,1.2756
1.501,0.89934,1.2659
1.5118,0.89681,1.2563
1.5226,0.89451,1.2469
1.5335,0.89243,1.2376
1.5445,0.89059,1.2284
1.5556,0.88897,1.2194
1.5668,0.88758,1.2105
1.578,0.88643,1.2018
1.5893,0.88551,1.1932
1.6006,0.88482,1.1848
1.6121,0.88436,1.1766
1.6235,0.88414,1.1685
1.6351,0.88416,1.1605
1.6466,0.88441,1.1528
1.6583,0.88489,1.1452
1.6699,0.88561,1.1377
1.6816,0.88656,1.1305
1.6934,0.88775,1.1234
1.7052,0.88918,1.1165
1.717,0.89084,1.1097
1.7288,0.89273,1.1031
1.7406,0.89486,1.0967
1.7525,0.89722,1.0905
1.7644,0.89981,1.0845
1.7763,0.90264,1.0786
1.7882,0.9057,1.0729
1.8001,0.90898,1.0674
1.8119,0.9125,1.0621
1.8238,0.91624,1.0569
1.8357,0.92021,1.0519
1.8475,0.9244,1.0471
1.8594,0.92882,1.0425
1.8711,0.93346,1.038
1.8829,0.93832,1.0338
1.8946,0.9434,1.0297
1.9063,0.94869,1.0258
1.918,0.9542,1.022
1.9295,0.95992,1.0184
1.9411,0.96584,1.015
1.9526,0.97198,1.0118
1.964,0.97832,1.0087
1.9753,0.98487,1.0058
1.9865,0.99161,1.0031
1.9977,0.99855,1.0005
2.0088,1.0057,0.9981
2.0198,1.013,0.99584
2.0307,1.0205,0.99375
2.0415,1.0282,0.99181
2.0522,1.0361,0.99002
2.0628,1.0442,0.98838
2.0732,1.0524,0.98689
2.0836,1.0608,0.98555
2.0938,1.0694,0.98435
2.1039,1.0782,0.98328
2.1138,1.0871,0.98235
2.1236,1.0961,0.98156
2.1333,1.1054,0.98089
2.1428,1.1147,0.98035
2.1521,1.1242,0.97994
2.1613,1.1339,0.97964
2.1703,1.1437,0.97946
2.1791,1.1536,0.9794
2.1878,1.1637,0.97944
2.1963,1.1739,0.97959
2.2046,1.1842,0.97984
2.2127,1.1946,0.98019
2.2206,1.2052,0.98063
2.2282,1.2158,0.98116
2.2357,1.2266,0.98178
2.243,1.2374,0.98249
2.25,1.2484,0.98327
2.2569,1.2594,0.98412
2.2635,1.2706,0.98505
2.2699,1.2818,0.98604
2.276,1.2931,0.98709
2.2819,1.3044,0.9882
2.2876,1.3158,0.98936
2.293,1.3273,0.99058
2.2981,1.3389,0.99183
2.303,1.3505,0.99313
2.3077,1.3621,0.99447
2.312,1.3738,0.99583
2.3161,1.3855,0.99723
2.32,1.3973,0.99865
2.3235,1.4091,1.0001
2.3268,1.4209,1.0015
2.3298,1.4327,1.003
2.3326,1.4446,1.0045
2.335,1.4564,1.006
2.3371,1.4683,1.0074
2.339,1.4802,1.0089
2.3406,1.492,1.0104
2.3418,1.5039,1.0118
2.3428,1.5157,1.0132
2.3434,1.5275,1.0146
2.3438,1.5393,1.016
2.3438,1.5511,1.0174
2.3436,1.5628,1.0187
2.343,1.5745,1.02
2.3421,1.5861,1.0212
2.3409,1.5977,1.0224
2.3394,1.6093,1.0236
2.3376,1.6208,1.0247
2.3354,1.6322,1.0257
2.333,1.6436,1.0267
2.3302,1.6549,1.0277
2.3271,1.6661,1.0286
2.3237,1.6773,1.0294
2.32,1.6883,1.0301
2.3159,1.6993,1.0308
2.3116,1.7102,1.0314
2.3069,1.721,1.0319
2.3019,1.7317,1.0323
2.2966,1.7423,1.0327
2.291,1.7528,1.033
2.285,1.7632,1.0332
2.2788,1.7735,1.0333
2.2722,1.7837,1.0333
2.2653,1.7937,1.0333
2.2582,1.8037,1.0331
2.2507,1.8135,1.0329
2.2429,1.8232,1.0325
2.2349,1.8327,1.0321
2.2265,1.8421,1.0315
2.2178,1.8514,1.0309
2.2089,1.8605,1.0302
2.1996,1.8695,1.0294
2.1901,1.8784,1.0284
2.1803,1.8871,1.0274
2.1702,1.8956,1.0263
2.1599,1.9041,1.0251
2.1493,1.9123,1.0237
2.1384,1.9204,1.0223
2.1272,1.9283,1.0208
2.1158,1.9361,1.0192
2.1042,1.9437,1.0175
2.0923,1.9512,1.0157
2.0802,1.9585,1.0138
2.0678,1.9656,1.0118
2.0553,1.9726,1.0097
2.0425,1.9794,1.0076
2.0294,1.986,1.0053
2.0162,1.9924,1.0029
2.0028,1.9987,1.0005
1.9892,2.0048,0.99799
1.9753,2.0108,0.9954
1.9613,2.0166,0.99272
1.9472,2.0221,0.98997
1.9328,2.0276,0.98715
1.9183,2.0328,0.98426
1.9037,2.0379,0.9813
1.8889,2.0428,0.97827
1.8739,2.0475,0.97519
1.8589,2.0521,0.97204
1.8437,2.0565,0.96885
1.8284,2.0607,0.9656
1.813,2.0647,0.9623
1.7974,2.0686,0.95896
1.7818,2.0723,0.95558
1.7662,2.0758,0.95216
1.7504,2.0792,0.94872
1.7346,2.0824,0.94524
1.7187,2.0854,0.94174
1.7028,2.0882,0.93823
1.6868,2.0909,0.93469
1.6709,2.0935,0.93115
1.6548,2.0959,0.9276
1.6388,2.0981,0.92406
1.6228,2.1001,0.92051
1.6068,2.102,0.91697
1.5908,2.1038,0.91345
1.5748,2.1054,0.90995
1.5589,2.1068,0.90647
1.543,2.1081,0.90302
1.5272,2.1093,0.8996
1.5114,2.1103,0.89622
1.4957,2.1112,0.89288
1.4801,2.1119,0.88959
1.4646,2.1125,0.88636
1.4491,2.113,0.88318
1.4338,2.1133,0.88007
1.4186,2.1135,0.87703
1.4035,2.1136,0.87407
1.3886,2.1135,0.87118
1.3738,2.1134,0.86838
1.3591,2.1131,0.86566
1.3447,2.1127,0.86305
1.3303,2.1122,0.86053
1.3162,2.1116,0.85812
1.3023,2.1109,0.85582
1.2885,2.11,0.85363
1.275,2.1091,0.85156
1.2616,2.1081,0.84962
1.2485,2.107,0.84781
1.2356,2.1058,0.84614
1.223,2.1045,0.8446
1.2106,2.1031,0.84321
1.1984,2.1016,0.84196
1.1866,2.1001,0.84087
1.1749,2.0985,0.83994
1.1636,2.0968,0.83917
1.1525,2.0951,0.83856
1.1417,2.0933,0.83812
1.1312,2.0914,0.83786
1.121,2.0895,0.83778
1.1111,2.0875,0.83787
1.1016,2.0854,0.83816
1.0923,2.0833,0.83863
1.0834,2.0812,0.83929
1.0748,2.079,0.84015
1.0665,2.0768,0.84121
1.0586,2.0746,0.84247
1.051,2.0723,0.84393
1.0437,2.07,0.8456
1.0368,2.0676,0.84748
1.0303,2.0653,0.84957
1.0241,2.0629,0.85187
1.0183,2.0605,0.85439
1.0128,2.0581,0.85713
1.0077,2.0556,0.86009
1.003,2.0532,0.86327
0.99869,2.0508,0.86667
0.99473,2.0483,0.8703
0.99114,2.0459,0.87415
0.98793,2.0434,0.87823
0.9851,2.041,0.88253
0.98266,2.0385,0.88706
0.98059,2.0361,0.89182
0.97891,2.0337,0.8968
0.97762,2.0313,0.90201
0.9767,2.0289,0.90745
0.97617,2.0266,0.91311
0.97602,2.0242,0.919
0.97625,2.0219,0.92512
0.97686,2.0196,0.93145
0.97786,2.0173,0.93801
0.97922,2.0151,0.94479
0.98097,2.0129,0.95179
0.98308,2.0107,0.95901
0.98557,2.0086,0.96644
0.98842,2.0065,0.97409
0.99164,2.0044,0.98195
0.99521,2.0024,0.99001
0.99915,2.0004,0.99828
1.0034,1.9985,1.0068
1.0081,1.9966,1.0154
1.0131,1.9947,1.0243
1.0184,1.9929,1.0333
1.024,1.9911,1.0426
1.03,1.9894,1.052
1.0363,1.9878,1.0616
1.043,1.9862,1.0714
1.0499,1.9846,1.0814
1.0572,1.9831,1.0915
1.0647,1.9816,1.1018
1.0726,1.9802,1.1123
1.0807,1.9789,1.1229
1.0891,1.9776,1.1336
1.0978,1.9763,1.1445
1.1067,1.9751,1.1555
1.1159,1.974,1.1667
1.1254,1.9729,1.178
1.1351,1.9719,1.1894
1.145,1.9709,1.2009
1.1552,1.97,1.2125
1.1656,1.9691,1.2243
1.1762,1.9683,1.2361
1.187,1.9676,1.248
1.1979,1.9669,1.26
1.2091,1.9662,1.2721
1.2204,1.9656,1.2842
1.232,1.9651,1.2964
1.2436,1.9646,1.3087
1.2554,1.9641,1.321
1.2674,1.9638,1.3333
1.2794,1.9634,1.3457
1.2916,1.9631,1.3582
1.3039,1.9629,1.3706
1.3163,1.9627,1.3831
1.3288,1.9625,1.3956
1.3414,1.9624,1.408
1.354,1.9624,1.4205
1.3667,1.9623,1.433
1.3795,1.9624,1.4454
1.3923,1.9624,1.4578
1.4051,1.9625,1.4702
1.418,1.9627,1.4826
1.4309,1.9629,1.4949
1.4437,1.9631,1.5071
1.4566,1.9633,1.5193
1.4695,1.9636,1.5314
1.4823,1.964,1.5435
1.4951,1.9643,1.5555
1.5079,1.9647,1.5674
1.5206,1.9651,1.5792
1.5333,1.9656,1.5909
1.5459,1.966,1.6025
1.5584,1.9665,1.614
1.5709,1.967,1.6254
1.5832,1.9676,1.6367
1.5955,1.9681,1.6479
1.6076,1.9687,1.6589
1.6196,1.9693,1.6698
1.6316,1.9699,1.6805
1.6433,1.9706,1.6911
1.655,1.9712,1.7016
1.6665,1.9719,1.7119
1.6779,1.9725,1.722
1.6891,1.9732,1.732
1.7001,1.9739,1.7418
1.711,1.9746,1.7514
1.7217,1.9753,1.7609
1.7322,1.976,1.7702
1.7426,1.9767,1.7793
1.7527,1.9774,1.7883
1.7627,1.9782,1.797
1.7725,1.9789,1.8056
1.782,1.9796,1.8139
1.7914,1.9803,1.8221
1.8006,1.981,1.8301
1.8095,1.9817,1.8378
1.8182,1.9824,1.8454
1.8268,1.9831,1.8528
1.8351,1.9838,1.86
1.8431,1.9845,1.867
1.851,1.9851,1.8737
1.8586,1.9858,1.8803
1.866,1.9864,1.8867
1.8732,1.9871,1.8928
1.8802,1.9877,1.8988
1.8869,1.9883,1.9045
1.8934,1.9889,1.9101
1.8997,1.9895,1.9155
1.9057,1.9901,1.9206
1.9115,1.9906,1.9256
1.9171,1.9912,1.9303
1.9225,1.9917,1.9349
1.9276,1.9922,1.9393
1.9326,1.9927,1.9434
1.9373,1.9931,1.9474
1.9418,1.9936,1.9512
1.9461,1.994,1.9549
1.9502,1.9945,1.9583
1.954,1.9949,1.9616
1.9577,1.9952,1.9647
1.9612,1.9956,1.9676
1.9645,1.996,1.9704
1.9676,1.9963,1.973
1.9705,1.9966,1.9754
1.9732,1.9969,1.9777
1.9758,1.9972,1.9798
1.9782,1.9975,1.9818
1.9804,1.9977,1.9837
1.9825,1.9979,1.9854
1.9844,1.9982,1.987
1.9861,1.9984,1.9885
1.9877,1.9985,1.9898
1.9892,1.9987,1.9911
1.9906,1.9989,1.9922
1.9918,1.999,1.9932
1.9929,1.9991,1.9941
1.9939,1.9993,1.995
1.9948,1.9994,1.9957
1.9956,1.9995,1.9964
1.9963,1.9995,1.997
1.997,1.9996,1.9975
1.9975,1.9997,1.9979
1.998,1.9997,1.9983
1.9984,1.9998,1.9987
1.9987,1.9998,1.9989
1.999,1.9999,1.9992
