6.3058e-07,8.0956e-07,4.8798e-07
5.0168e-06,6.4371e-06,3.8864e-06
1.6838e-05,2.1593e-05,1.3058e-05
3.9692e-05,5.087e-05,3.0814e-05
7.7094e-05,9.8747e-05,5.9914e-05
0.00013248,0.00016959,0.00010307
0.0002092,0.00026764,0.00016293
0.00031053,0.00039704,0.00024211
0.00043966,0.0005618,0.00034316
0.00059971,0.00076586,0.0004686
0.00079372,0.001013,0.00062088
0.0010247,0.0013069,0.0008024
0.0012954,0.0016512,0.0010155
0.0016087,0.0020493,0.0012626
0.0019674,0.0025047,0.0015458
0.0023741,0.0030205,0.0018675
0.0028314,0.0036,0.0022297
0.0033418,0.0042461,0.0026346
0.0039077,0.004962,0.0030842
0.0045316,0.0057503,0.0035806
0.0052156,0.0066139,0.0041258
0.0059621,0.0075554,0.0047217
0.0067731,0.0085774,0.0053702
0.0076508,0.0096822,0.0060732
0.0085972,0.010872,0.0068323
0.0096142,0.01215,0.0076495
0.010704,0.013518,0.0085263
0.011868,0.014977,0.0094646
0.013108,0.01653,0.010466
0.014425,0.018178,0.011532
0.015822,0.019924,0.012663
0.0173,0.02177,0.013863
0.018861,0.023716,0.015131
0.020505,0.025764,0.01647
0.022234,0.027916,0.017881
0.02405,0.030173,0.019365
0.025954,0.032536,0.020923
0.027946,0.035007,0.022557
0.030029,0.037587,0.024268
0.032203,0.040276,0.026057
0.034469,0.043076,0.027925
0.036828,0.045987,0.029874
0.039281,0.049011,0.031903
0.041828,0.052147,0.034015
0.044472,0.055397,0.03621
0.047211,0.058761,0.03849
0.050048,0.062239,0.040854
0.052982,0.065833,0.043304
0.056014,0.069541,0.045841
0.059145,0.073365,0.048466
0.062375,0.077305,0.051179
0.065704,0.08136,0.053981
0.069134,0.085531,0.056872
0.072663,0.089817,0.059854
0.076293,0.094219,0.062926
0.080024,0.098737,0.06609
0.083855,0.10337,0.069346
0.087787,0.10812,0.072695
0.09182,0.11298,0.076136
0.095955,0.11795,0.079671
0.10019,0.12304,0.083299
0.10453,0.12824,0.087022
0.10896,0.13356,0.090839
0.1135,0.13898,0.094751
0.11814,0.14452,0.098757
0.12288,0.15017,0.10286
0.12771,0.15592,0.10706
0.13265,0.16179,0.11135
0.13769,0.16776,0.11574
0.14282,0.17383,0.12022
0.14806,0.18001,0.1248
0.15339,0.1863,0.12948
0.15882,0.19269,0.13425
0.16434,0.19918,0.13912
0.16997,0.20577,0.14408
0.17568,0.21246,0.14914
0.1815,0.21924,0.1543
0.1874,0.22612,0.15955
0.1934,0.2331,0.1649
0.19949,0.24017,0.17034
0.20568,0.24733,0.17588
0.21196,0.25458,0.18151
0.21832,0.26192,0.18723
0.22478,0.26934,0.19306
0.23132,0.27685,0.19897
0.23795,0.28444,0.20498
0.24467,0.29211,0.21108
0.25147,0.29986,0.21727
0.25836,0.30769,0.22356
0.26533,0.3156,0.22994
0.27239,0.32357,0.23641
0.27952,0.33162,0.24297
0.28674,0.33974,0.24963
0.29403,0.34792,0.25637
0.3014,0.35617,0.2632
0.30885,0.36448,0.27012
0.31637,0.37285,0.27713
0.32397,0.38129,0.28423
0.33164,0.38977,0.29141
0.33938,0.39831,0.29868
0.34719,0.4069,0.30604
0.35508,0.41555,0.31348
0.36302,0.42423,0.321
0.37104,0.43297,0.32861
0.37912,0.44174,0.3363
0.38726,0.45056,0.34408
0.39547,0.45941,0.35193
0.40373,0.4683,0.35987
0.41206,0.47722,0.36788
0.42044,0.48617,0.37598
0.42888,0.49515,0.38415
0.43737,0.50415,0.3924
0.44592,0.51318,0.40072
0.45452,0.52222,0.40912
0.46317,0.53128,0.4176
0.47186,0.54036,0.42614
0.48061,0.54945,0.43476
0.4894,0.55855,0.44345
0.49823,0.56766,0.45222
0.50711,0.57677,0.46105
0.51603,0.58588,0.46995
0.52499,0.59499,0.47891
0.53398,0.6041,0.48794
0.54302,0.61321,0.49704
0.55208,0.6223,0.5062
0.56118,0.63139,0.51543
0.57031,0.64046,0.52471
0.57948,0.64951,0.53406
0.58867,0.65854,0.54347
0.59788,0.66756,0.55293
0.60713,0.67654,0.56246
0.61639,0.68551,0.57204
0.62568,0.69444,0.58167
0.63499,0.70334,0.59136
0.64432,0.7122,0.6011
0.65366,0.72103,0.61089
0.66303,0.72982,0.62073
0.6724,0.73856,0.63062
0.68179,0.74726,0.64056
0.69119,0.75591,0.65055
0.7006,0.76451,0.66058
0.71002,0.77306,0.67065
0.71944,0.78155,0.68077
0.72887,0.78999,0.69093
0.7383,0.79836,0.70113
0.74774,0.80668,0.71137
0.75717,0.81492,0.72164
0.76661,0.8231,0.73196
0.77604,0.83121,0.7423
0.78547,0.83924,0.75269
0.79489,0.84721,0.7631
0.80431,0.85509,0.77355
0.81372,0.86289,0.78402
0.82311,0.87061,0.79452
0.8325,0.87825,0.80506
0.84188,0.8858,0.81561
0.85124,0.89326,0.8262
0.86059,0.90063,0.8368
0.86992,0.90791,0.84743
0.87923,0.91509,0.85808
0.88853,0.92217,0.86874
0.8978,0.92916,0.87943
0.90705,0.93604,0.89013
0.91628,0.94282,0.90085
0.92549,0.94949,0.91158
0.93467,0.95606,0.92233
0.94383,0.96251,0.93308
0.95296,0.96886,0.94385
0.96206,0.97509,0.95462
0.97113,0.9812,0.96541
0.98017,0.9872,0.9762
0.98918,0.99308,0.98699
0.99816,0.99883,0.99779
1.0071,1.0045,1.0086
1.016,1.01,1.0194
1.0249,1.0154,1.0302
1.0337,1.0206,1.041
1.0425,1.0258,1.0518
1.0513,1.0308,1.0626
1.06,1.0356,1.0733
1.0687,1.0404,1.0841
1.0774,1.045,1.0949
1.086,1.0494,1.1057
1.0945,1.0538,1.1164
1.1031,1.058,1.1271
1.1115,1.062,1.1379
1.12,1.0659,1.1486
1.1284,1.0697,1.1593
1.1367,1.0733,1.1699
1.145,1.0768,1.1806
1.1533,1.0802,1.1912
1.1615,1.0834,1.2019
1.1697,1.0864,1.2125
1.1778,1.0894,1.223
1.1859,1.0921,1.2336
1.1939,1.0947,1.2441
1.2019,1.0972,1.2546
1.2098,1.0995,1.265
1.2177,1.1017,1.2755
1.2255,1.1037,1.2859
1.2333,1.1055,1.2963
1.2411,1.1073,1.3066
1.2488,1.1088,1.3169
1.2564,1.1102,1.3272
1.264,1.1115,1.3374
1.2715,1.1126,1.3476
1.279,1.1135,1.3578
1.2865,1.1143,1.3679
1.2938,1.1149,1.378
1.3012,1.1154,1.388
1.3085,1.1157,1.398
1.3157,1.1159,1.4079
1.3229,1.1159,1.4178
1.33,1.1158,1.4277
1.3371,1.1155,1.4375
1.3442,1.115,1.4473
1.3511,1.1144,1.457
1.3581,1.1136,1.4666
1.365,1.1127,1.4762
1.3718,1.1116,1.4858
1.3786,1.1104,1.4953
1.3853,1.109,1.5047
1.392,1.1075,1.5141
1.3987,1.1058,1.5234
1.4052,1.1039,1.5327
1.4118,1.1019,1.5419
1.4183,1.0997,1.551
1.4247,1.0974,1.5601
1.4311,1.0949,1.5691
1.4375,1.0923,1.5781
1.4438,1.0895,1.587
1.45,1.0866,1.5958
1.4562,1.0835,1.6046
1.4624,1.0802,1.6133
1.4685,1.0769,1.6219
1.4746,1.0733,1.6305
1.4806,1.0696,1.6389
1.4866,1.0658,1.6474
1.4925,1.0618,1.6557
1.4984,1.0576,1.664
1.5043,1.0533,1.6722
1.5101,1.0489,1.6803
1.5158,1.0443,1.6883
1.5215,1.0396,1.6963
1.5272,1.0347,1.7042
1.5328,1.0297,1.712
1.5384,1.0245,1.7197
1.544,1.0192,1.7274
1.5495,1.0138,1.735
1.555,1.0082,1.7424
1.5604,1.0024,1.7498
1.5658,0.99655,1.7572
1.5712,0.99054,1.7644
1.5765,0.98438,1.7716
1.5818,0.9781,1.7786
1.587,0.97167,1.7856
1.5923,0.96512,1.7925
1.5974,0.95842,1.7993
1.6026,0.9516,1.806
1.6077,0.94464,1.8127
1.6128,0.93755,1.8192
1.6178,0.93034,1.8256
1.6228,0.92299,1.832
1.6278,0.91552,1.8383
1.6328,0.90792,1.8444
1.6377,0.90019,1.8505
1.6426,0.89234,1.8565
1.6475,0.88437,1.8624
1.6523,0.87628,1.8682
1.6571,0.86807,1.8739
1.6619,0.85974,1.8795
1.6667,0.85129,1.885
1.6714,0.84272,1.8904
1.6761,0.83404,1.8957
1.6808,0.82525,1.9009
1.6855,0.81634,1.906
1.6901,0.80732,1.911
1.6948,0.79819,1.9159
1.6994,0.78896,1.9208
1.704,0.77961,1.9255
1.7085,0.77017,1.9301
1.7131,0.76061,1.9346
1.7176,0.75096,1.939
1.7221,0.7412,1.9433
1.7266,0.73134,1.9475
1.7311,0.72139,1.9516
1.7356,0.71134,1.9556
1.74,0.70119,1.9594
1.7444,0.69095,1.9632
1.7489,0.68062,1.9669
1.7533,0.6702,1.9705
1.7577,0.65968,1.9739
1.7621,0.64908,1.9773
1.7665,0.6384,1.9805
1.7708,0.62762,1.9837
1.7752,0.61677,1.9867
1.7796,0.60584,1.9897
1.7839,0.59482,1.9925
1.7883,0.58373,1.9952
1.7926,0.57256,1.9978
1.797,0.56131,2.0003
1.8013,0.55,2.0027
1.8056,0.53861,2.005
1.8099,0.52715,2.0072
1.8143,0.51562,2.0092
1.8186,0.50403,2.0112
1.8229,0.49237,2.013
1.8272,0.48064,2.0148
1.8316,0.46886,2.0164
1.8359,0.45702,2.0179
1.8402,0.44511,2.0193
1.8446,0.43316,2.0206
1.8489,0.42114,2.0218
1.8532,0.40908,2.0229
1.8576,0.39696,2.0239
1.8619,0.38479,2.0248
1.8663,0.37257,2.0255
1.8707,0.36031,2.0262
1.875,0.34801,2.0267
1.8794,0.33566,2.0271
1.8838,0.32327,2.0275
1.8882,0.31084,2.0277
1.8926,0.29837,2.0278
1.897,0.28587,2.0278
1.9015,0.27333,2.0277
1.9059,0.26076,2.0275
1.9104,0.24816,2.0271
1.9148,0.23553,2.0267
1.9193,0.22288,2.0262
1.9238,0.2102,2.0255
1.9283,0.19749,2.0248
1.9329,0.18476,2.0239
1.9374,0.17202,2.023
1.942,0.15925,2.0219
1.9465,0.14647,2.0207
1.9511,0.13367,2.0194
1.9557,0.12086,2.018
1.9603,0.10804,2.0166
1.965,0.095212,2.015
1.9697,0.082373,2.0133
1.9743,0.069528,2.0115
1.979,0.056678,2.0096
1.9838,0.043826,2.0076
1.9885,0.030973,2.0055
1.9933,0.01812,2.0033
1.998,0.0052696,2.001
2.0028,-0.0075766,1.9986
2.0077,-0.020417,1.9961
2.0125,-0.03325,1.9935
2.0174,-0.046074,1.9908
2.0223,-0.058887,1.988
2.0272,-0.071687,1.9851
2.0321,-0.084473,1.9821
2.0371,-0.097244,1.979
2.042,-0.11,1.9759
2.047,-0.12273,1.9726
2.0521,-0.13544,1.9692
2.0571,-0.14813,1.9658
2.0622,-0.1608,1.9622
2.0673,-0.17344,1.9586
2.0724,-0.18605,1.9549
2.0776,-0.19864,1.9511
2.0827,-0.21119,1.9472
2.0879,-0.22371,1.9432
2.0931,-0.2362,1.9391
2.0984,-0.24865,1.935
2.1037,-0.26106,1.9307
2.1089,-0.27344,1.9264
2.1143,-0.28577,1.922
2.1196,-0.29807,1.9175
2.125,-0.31032,1.9129
2.1304,-0.32252,1.9083
2.1358,-0.33468,1.9036
2.1412,-0.34679,1.8988
2.1467,-0.35886,1.8939
2.1522,-0.37087,1.8889
2.1577,-0.38283,1.8839
2.1632,-0.39473,1.8788
2.1688,-0.40658,1.8736
2.1744,-0.41837,1.8684
2.18,-0.4301,1.863
2.1856,-0.44178,1.8577
2.1913,-0.45339,1.8522
2.1969,-0.46494,1.8467
2.2026,-0.47642,1.8411
2.2084,-0.48784,1.8354
2.2141,-0.49919,1.8297
2.2199,-0.51047,1.8239
2.2257,-0.52169,1.8181
2.2315,-0.53283,1.8122
2.2373,-0.5439,1.8062
2.2432,-0.55489,1.8002
2.2491,-0.56581,1.7942
2.255,-0.57665,1.788
2.2609,-0.58741,1.7819
2.2668,-0.5981,1.7756
2.2728,-0.6087,1.7693
2.2788,-0.61922,1.763
2.2848,-0.62966,1.7566
2.2908,-0.64001,1.7502
2.2968,-0.65027,1.7437
2.3029,-0.66045,1.7372
2.309,-0.67054,1.7306
2.3151,-0.68054,1.724
2.3212,-0.69045,1.7173
2.3273,-0.70026,1.7106
2.3334,-0.70998,1.7039
2.3396,-0.71961,1.6971
2.3458,-0.72914,1.6903
2.352,-0.73857,1.6835
2.3582,-0.74791,1.6766
2.3644,-0.75714,1.6697
2.3707,-0.76628,1.6628
2.3769,-0.77531,1.6558
2.3832,-0.78424,1.6488
2.3895,-0.79306,1.6418
2.3958,-0.80178,1.6347
2.4021,-0.81039,1.6276
2.4084,-0.8189,1.6205
2.4147,-0.82729,1.6134
2.4211,-0.83558,1.6063
2.4274,-0.84376,1.5991
2.4338,-0.85182,1.5919
2.4401,-0.85977,1.5847
2.4465,-0.86761,1.5775
2.4529,-0.87533,1.5703
2.4593,-0.88294,1.563
2.4657,-0.89042,1.5558
2.4721,-0.8978,1.5485
2.4785,-0.90505,1.5412
2.4849,-0.91218,1.534
2.4914,-0.9192,1.5267
2.4978,-0.92609,1.5194
2.5042,-0.93286,1.5121
2.5107,-0.9395,1.5048
2.5171,-0.94602,1.4975
2.5236,-0.95242,1.4902
2.53,-0.95869,1.4829
2.5364,-0.96483,1.4756
2.5429,-0.97085,1.4683
2.5493,-0.97674,1.461
2.5558,-0.9825,1.4538
2.5622,-0.98813,1.4465
2.5687,-0.99363,1.4392
2.5751,-0.999,1.432
2.5815,-1.0042,1.4247
2.588,-1.0093,1.4175
2.5944,-1.0143,1.4103
2.6008,-1.0191,1.4031
2.6072,-1.0238,1.3959
2.6136,-1.0284,1.3888
2.62,-1.0328,1.3816
2.6264,-1.0371,1.3745
2.6328,-1.0413,1.3674
2.6392,-1.0453,1.3603
2.6456,-1.0492,1.3533
2.6519,-1.0529,1.3462
2.6583,-1.0565,1.3392
2.6646,-1.06,1.3323
2.6709,-1.0633,1.3253
2.6772,-1.0665,1.3184
2.6835,-1.0695,1.3115
2.6898,-1.0724,1.3047
2.6961,-1.0752,1.2978
2.7023,-1.0778,1.2911
2.7086,-1.0803,1.2843
2.7148,-1.0826,1.2776
2.721,-1.0848,1.2709
2.7272,-1.0868,1.2643
2.7333,-1.0887,1.2577
2.7395,-1.0905,1.2511
2.7456,-1.0921,1.2446
2.7517,-1.0936,1.2382
2.7578,-1.0949,1.2317
2.7638,-1.096,1.2253
2.7699,-1.0971,1.219
2.7759,-1.0979,1.2127
2.7819,-1.0987,1.2065
2.7878,-1.0993,1.2003
2.7938,-1.0997,1.1942
2.7997,-1.1,1.1881
2.8055,-1.1001,1.182
2.8114,-1.1001,1.1761
2.8172,-1.1,1.1701
2.823,-1.0997,1.1642
2.8288,-1.0993,1.1584
2.8345,-1.0987,1.1527
2.8402,-1.0979,1.147
2.8459,-1.097,1.1413
2.8515,-1.096,1.1357
2.8571,-1.0948,1.1302
2.8627,-1.0935,1.1247
2.8682,-1.0921,1.1193
2.8737,-1.0904,1.114
2.8791,-1.0887,1.1087
2.8846,-1.0868,1.1035
2.8899,-1.0847,1.0983
2.8953,-1.0825,1.0932
2.9006,-1.0802,1.0882
2.9059,-1.0777,1.0832
2.9111,-1.075,1.0783
2.9163,-1.0723,1.0735
2.9214,-1.0693,1.0687
2.9265,-1.0663,1.064
2.9315,-1.0631,1.0594
2.9366,-1.0597,1.0549
2.9415,-1.0562,1.0504
2.9464,-1.0526,1.046
2.9513,-1.0488,1.0416
2.9561,-1.0449,1.0374
2.9609,-1.0408,1.0332
2.9656,-1.0366,1.029
2.9703,-1.0322,1.025
2.9749,-1.0277,1.021
2.9795,-1.0231,1.0171
2.9841,-1.0184,1.0132
2.9885,-1.0135,1.0095
2.993,-1.0084,1.0058
2.9973,-1.0033,1.0022
3.0017,-0.99794,0.99865
3.0059,-0.9925,0.99518
3.0101,-0.98692,0.99179
3.0143,-0.98121,0.98848
3.0184,-0.97536,0.98524
3.0224,-0.96939,0.98208
3.0264,-0.96328,0.97899
3.0304,-0.95705,0.97598
3.0342,-0.95068,0.97304
3.038,-0.94418,0.97018
3.0418,-0.93756,0.96739
3.0455,-0.93081,0.96468
3.0491,-0.92394,0.96205
3.0527,-0.91694,0.95949
3.0562,-0.90982,0.957
3.0596,-0.90258,0.95459
3.063,-0.89521,0.95226
3.0663,-0.88772,0.95
3.0696,-0.88012,0.94781
3.0728,-0.87239,0.9457
3.0759,-0.86455,0.94367
3.079,-0.85659,0.94171
3.082,-0.84852,0.93982
3.0849,-0.84033,0.938
3.0877,-0.83203,0.93626
3.0905,-0.82362,0.9346
3.0933,-0.8151,0.933
3.0959,-0.80647,0.93148
3.0985,-0.79774,0.93003
3.101,-0.78889,0.92865
3.1035,-0.77994,0.92734
3.1058,-0.77089,0.92611
3.1081,-0.76173,0.92494
3.1104,-0.75248,0.92384
3.1125,-0.74312,0.92282
3.1146,-0.73367,0.92186
3.1166,-0.72411,0.92097
3.1186,-0.71447,0.92015
3.1204,-0.70472,0.9194
3.1222,-0.69489,0.91871
3.1239,-0.68496,0.91809
3.1256,-0.67494,0.91754
3.1271,-0.66484,0.91705
3.1286,-0.65464,0.91663
3.13,-0.64436,0.91627
3.1313,-0.634,0.91598
3.1326,-0.62356,0.91575
3.1338,-0.61303,0.91558
3.1349,-0.60242,0.91547
3.1359,-0.59174,0.91542
3.1368,-0.58097,0.91543
3.1377,-0.57014,0.91551
3.1384,-0.55923,0.91564
3.1391,-0.54825,0.91583
3.1398,-0.53719,0.91607
3.1403,-0.52607,0.91638
3.1407,-0.51488,0.91674
3.1411,-0.50363,0.91715
3.1414,-0.49231,0.91762
3.1416,-0.48093,0.91814
3.1417,-0.46949,0.91872
3.1418,-0.45799,0.91935
3.1417,-0.44643,0.92002
3.1416,-0.43482,0.92075
3.1414,-0.42315,0.92153
3.1411,-0.41143,0.92236
3.1407,-0.39966,0.92323
3.1402,-0.38784,0.92415
3.1397,-0.37598,0.92512
3.139,-0.36406,0.92613
3.1383,-0.35211,0.92719
3.1375,-0.34011,0.92828
3.1366,-0.32807,0.92942
3.1356,-0.31599,0.93061
3.1345,-0.30388,0.93183
3.1333,-0.29173,0.93309
3.1321,-0.27955,0.93439
3.1308,-0.26733,0.93573
3.1293,-0.25509,0.9371
3.1278,-0.24282,0.93851
3.1262,-0.23052,0.93996
3.1245,-0.21819,0.94144
3.1227,-0.20585,0.94295
3.1208,-0.19348,0.94449
3.1189,-0.18109,0.94606
3.1168,-0.16869,0.94766
3.1147,-0.15626,0.9493
3.1125,-0.14383,0.95095
3.1101,-0.13138,0.95264
3.1077,-0.11892,0.95435
3.1052,-0.10646,0.95608
3.1026,-0.093981,0.95784
3.0999,-0.081502,0.95962
3.0971,-0.069019,0.96142
3.0943,-0.056535,0.96324
3.0913,-0.04405,0.96508
3.0883,-0.031567,0.96694
3.0851,-0.019088,0.96882
3.0819,-0.0066148,0.97071
3.0786,0.0058517,0.97262
3.0751,0.018309,0.97454
3.0716,0.030756,0.97647
3.068,0.04319,0.97841
3.0643,0.055611,0.98037
3.0605,0.068015,0.98233
3.0567,0.080401,0.9843
3.0527,0.092768,0.98628
3.0486,0.10511,0.98827
3.0445,0.11744,0.99026
3.0402,0.12973,0.99226
3.0359,0.14201,0.99425
3.0314,0.15425,0.99625
3.0269,0.16646,0.99825
3.0223,0.17864,1.0003
3.0176,0.19079,1.0023
3.0128,0.2029,1.0042
3.0079,0.21498,1.0062
3.0029,0.22702,1.0082
2.9978,0.23902,1.0102
2.9926,0.25097,1.0122
2.9874,0.26288,1.0142
2.982,0.27475,1.0161
2.9766,0.28657,1.0181
2.971,0.29834,1.02
2.9654,0.31006,1.0219
2.9596,0.32173,1.0238
2.9538,0.33334,1.0257
2.9479,0.3449,1.0276
2.9419,0.35641,1.0295
2.9358,0.36785,1.0313
2.9296,0.37924,1.0331
2.9234,0.39056,1.0349
2.917,0.40182,1.0367
2.9105,0.41302,1.0385
2.904,0.42414,1.0402
2.8974,0.4352,1.042
2.8906,0.4462,1.0437
2.8838,0.45712,1.0453
2.8769,0.46796,1.047
2.8699,0.47874,1.0486
2.8628,0.48944,1.0502
2.8557,0.50006,1.0517
2.8484,0.5106,1.0532
2.841,0.52106,1.0547
2.8336,0.53144,1.0562
2.8261,0.54174,1.0576
2.8184,0.55196,1.059
2.8107,0.56208,1.0603
2.803,0.57213,1.0616
2.7951,0.58208,1.0629
2.7871,0.59194,1.0642
2.7791,0.60171,1.0654
2.7709,0.61139,1.0665
2.7627,0.62098,1.0676
2.7544,0.63047,1.0687
2.746,0.63986,1.0697
2.7375,0.64916,1.0707
2.7289,0.65835,1.0717
2.7203,0.66745,1.0726
2.7115,0.67645,1.0734
2.7027,0.68534,1.0742
2.6938,0.69413,1.075
2.6849,0.70281,1.0757
2.6758,0.71139,1.0763
2.6666,0.71986,1.0769
2.6574,0.72822,1.0775
2.6481,0.73647,1.078
2.6387,0.74461,1.0784
2.6293,0.75264,1.0788
2.6197,0.76056,1.0791
2.6101,0.76836,1.0794
2.6004,0.77605,1.0796
2.5906,0.78362,1.0798
2.5807,0.79107,1.0799
2.5708,0.79841,1.08
2.5608,0.80563,1.08
2.5507,0.81273,1.0799
2.5405,0.8197,1.0798
2.5303,0.82656,1.0796
2.52,0.83329,1.0793
2.5096,0.8399,1.079
2.4991,0.84639,1.0786
2.4886,0.85275,1.0782
2.478,0.85899,1.0777
2.4673,0.8651,1.0771
2.4566,0.87108,1.0765
2.4457,0.87694,1.0758
2.4348,0.88267,1.075
2.4239,0.88827,1.0742
2.4129,0.89373,1.0733
2.4018,0.89907,1.0723
2.3906,0.90428,1.0713
2.3794,0.90936,1.0702
2.3681,0.9143,1.069
2.3567,0.91911,1.0678
2.3453,0.92379,1.0665
2.3338,0.92834,1.0651
2.3223,0.93275,1.0636
2.3107,0.93703,1.0621
2.299,0.94118,1.0605
2.2873,0.94519,1.0589
2.2755,0.94906,1.0571
2.2637,0.9528,1.0553
2.2518,0.9564,1.0535
2.2398,0.95987,1.0515
2.2278,0.9632,1.0495
2.2157,0.9664,1.0474
2.2036,0.96945,1.0452
2.1914,0.97238,1.043
2.1792,0.97516,1.0407
2.1669,0.97781,1.0383
2.1546,0.98032,1.0359
2.1422,0.9827,1.0333
2.1297,0.98493,1.0307
2.1172,0.98704,1.0281
2.1047,0.989,1.0253
2.0921,0.99083,1.0225
2.0795,0.99252,1.0196
2.0668,0.99408,1.0166
2.0541,0.9955,1.0136
2.0414,0.99678,1.0105
2.0286,0.99793,1.0073
2.0157,0.99894,1.0041
2.0029,0.99982,1.0007
1.9899,1.0006,0.99735
1.977,1.0012,0.99389
1.964,1.0017,0.99035
1.951,1.002,0.98674
1.9379,1.0022,0.98306
1.9248,1.0023,0.97932
1.9117,1.0022,0.9755
1.8985,1.0021,0.97161
1.8853,1.0017,0.96766
1.8721,1.0013,0.96363
1.8589,1.0007,0.95954
1.8456,1,0.95538
1.8323,0.9992,0.95115
1.819,0.99824,0.94686
1.8056,0.99716,0.9425
1.7923,0.99596,0.93808
1.7789,0.99463,0.93359
1.7655,0.99317,0.92904
1.7521,0.9916,0.92442
1.7386,0.9899,0.91974
1.7251,0.98808,0.915
1.7117,0.98614,0.9102
1.6982,0.98409,0.90533
1.6847,0.98191,0.90041
1.6712,0.97962,0.89542
1.6576,0.97722,0.89038
1.6441,0.9747,0.88528
1.6306,0.97206,0.88012
1.617,0.96932,0.87491
1.6034,0.96646,0.86964
1.5899,0.96349,0.86431
1.5763,0.96042,0.85894
1.5628,0.95724,0.8535
1.5492,0.95395,0.84802
1.5356,0.95056,0.84248
1.5221,0.94706,0.8369
1.5085,0.94346,0.83126
1.495,0.93976,0.82558
1.4814,0.93596,0.81985
1.4679,0.93206,0.81407
1.4543,0.92807,0.80824
1.4408,0.92398,0.80237
1.4273,0.9198,0.79646
1.4138,0.91552,0.7905
1.4003,0.91115,0.7845
1.3869,0.9067,0.77846
1.3734,0.90215,0.77238
1.36,0.89752,0.76626
1.3465,0.8928,0.76011
1.3331,0.888,0.75391
1.3198,0.88312,0.74768
1.3064,0.87815,0.74142
1.2931,0.87311,0.73512
1.2798,0.86799,0.72879
1.2665,0.86279,0.72243
1.2533,0.85752,0.71603
1.24,0.85218,0.70961
1.2268,0.84676,0.70316
1.2137,0.84128,0.69669
1.2005,0.83573,0.69018
1.1875,0.83011,0.68366
1.1744,0.82443,0.6771
1.1614,0.81868,0.67053
1.1484,0.81287,0.66393
1.1354,0.80701,0.65732
1.1225,0.80108,0.65068
1.1097,0.7951,0.64403
1.0968,0.78906,0.63736
1.0841,0.78298,0.63068
1.0713,0.77684,0.62398
1.0586,0.77065,0.61726
1.046,0.76441,0.61054
1.0334,0.75813,0.6038
1.0209,0.7518,0.59706
1.0084,0.74543,0.5903
0.99594,0.73902,0.58354
0.98356,0.73257,0.57677
0.97123,0.72608,0.57
0.95895,0.71956,0.56322
0.94674,0.713,0.55644
0.93458,0.70641,0.54966
0.92248,0.69979,0.54288
0.91044,0.69314,0.5361
0.89846,0.68647,0.52933
0.88654,0.67977,0.52255
0.87469,0.67304,0.51578
0.8629,0.6663,0.50902
0.85118,0.65953,0.50226
0.83953,0.65275,0.49551
0.82794,0.64594,0.48877
0.81643,0.63913,0.48204
0.80498,0.6323,0.47532
0.7936,0.62546,0.46862
0.7823,0.61861,0.46193
0.77107,0.61175,0.45525
0.75991,0.60489,0.44859
0.74883,0.59802,0.44195
0.73783,0.59114,0.43533
0.7269,0.58427,0.42872
0.71605,0.5774,0.42214
0.70528,0.57053,0.41558
0.69459,0.56366,0.40904
0.68398,0.5568,0.40253
0.67345,0.54994,0.39604
0.66301,0.5431,0.38957
0.65265,0.53626,0.38314
0.64237,0.52944,0.37673
0.63218,0.52263,0.37036
0.62207,0.51583,0.36401
0.61205,0.50906,0.3577
0.60212,0.5023,0.35141
0.59228,0.49556,0.34517
0.58253,0.48884,0.33895
0.57287,0.48214,0.33278
0.56329,0.47547,0.32664
0.55381,0.46883,0.32054
0.54443,0.46221,0.31447
0.53513,0.45562,0.30845
0.52593,0.44907,0.30247
0.51683,0.44254,0.29653
0.50781,0.43605,0.29063
0.4989,0.42959,0.28478
0.49008,0.42317,0.27897
0.48136,0.41679,0.27321
0.47273,0.41045,0.26749
0.4642,0.40414,0.26183
0.45578,0.39788,0.2562
0.44745,0.39167,0.25063
0.43922,0.38549,0.24511
0.43109,0.37936,0.23964
0.42306,0.37328,0.23422
0.41513,0.36725,0.22886
0.4073,0.36127,0.22354
0.39958,0.35534,0.21828
0.39195,0.34946,0.21308
0.38443,0.34363,0.20793
0.37702,0.33786,0.20284
0.3697,0.33214,0.1978
0.36249,0.32648,0.19282
0.35539,0.32088,0.1879
0.34838,0.31533,0.18304
0.34148,0.30985,0.17824
0.33469,0.30442,0.1735
0.328,0.29906,0.16882
0.32142,0.29376,0.1642
0.31494,0.28853,0.15964
0.30856,0.28335,0.15515
0.30229,0.27825,0.15071
0.29613,0.27321,0.14635
0.29007,0.26824,0.14204
0.28412,0.26333,0.1378
0.27827,0.25849,0.13363
0.27253,0.25373,0.12951
0.26689,0.24903,0.12547
0.26136,0.24441,0.12149
0.25593,0.23985,0.11758
0.25061,0.23537,0.11373
0.2454,0.23096,0.10995
0.24028,0.22663,0.10624
0.23528,0.22236,0.1026
0.23037,0.21818,0.099022
0.22557,0.21406,0.095514
0.22088,0.21003,0.092073
0.21629,0.20606,0.088701
0.2118,0.20218,0.085397
0.20741,0.19837,0.082162
0.20313,0.19464,0.078995
0.19895,0.19098,0.075897
0.19487,0.18741,0.072868
0.19089,0.18391,0.069908
0.18701,0.18048,0.067016
0.18323,0.17714,0.064192
0.17955,0.17387,0.061437
0.17597,0.17068,0.058751
0.17249,0.16757,0.056133
0.1691,0.16454,0.053583
0.16581,0.16159,0.051101
0.16262,0.15871,0.048686
0.15952,0.15591,0.046339
0.15652,0.15319,0.04406
0.15361,0.15055,0.041847
0.1508,0.14798,0.0397
0.14807,0.14549,0.03762
0.14544,0.14308,0.035606
0.1429,0.14074,0.033657
0.14045,0.13848,0.031773
0.13808,0.1363,0.029953
0.1358,0.13419,0.028197
0.13361,0.13215,0.026505
0.13151,0.13019,0.024875
0.12948,0.1283,0.023307
0.12754,0.12649,0.021801
0.12569,0.12475,0.020355
0.12391,0.12307,0.01897
0.12221,0.12147,0.017644
0.12059,0.11994,0.016376
0.11904,0.11847,0.015166
0.11758,0.11708,0.014013
0.11618,0.11575,0.012915
0.11486,0.11448,0.011873
0.1136,0.11328,0.010884
0.11242,0.11215,0.009949
0.1113,0.11107,0.0090656
0.11025,0.11006,0.0082331
0.10927,0.10911,0.0074503
0.10835,0.10822,0.0067162
0.10748,0.10738,0.0060295
0.10668,0.1066,0.005389
0.10594,0.10587,0.0047935
0.10525,0.1052,0.0042416
0.10461,0.10458,0.003732
0.10403,0.104,0.0032634
0.10349,0.10348,0.0028342
0.10301,0.103,0.0024431
0.10257,0.10257,0.0020886
0.10217,0.10217,0.001769
0.10182,0.10182,0.0014829
0.10151,0.10151,0.0012286
0.10123,0.10124,0.0010044
0.10099,0.101,0.00080869
0.10078,0.10079,0.00063966
0.1006,0.10061,0.00049554
0.10046,0.10046,0.0003745
0.10033,0.10034,0.00027467
0.10024,0.10024,0.00019413
0.10016,0.10016,0.00013092
0.1001,0.1001,8.3039e-05
0.10006,0.10006,4.8444e-05
0.10003,0.10003,2.5042e-05
0.10001,0.10001,1.0699e-05
0.1,0.1,3.2348e-06
0.1,0.1,4.2522e-07
0.1,0.1,1.1589e-11
0.1,0.1,-2.2204e-16
0.1,0.1,-2.2204e-16
0.1,0.1,-2.2204e-16
0.1,0.1,-2.2204e-16
0.1,0.1,-2.2204e-16
0.1,0.1,-2.2204e-16
0.1,0.1,-2.2204e-16
0.1,0.1,-2.2204e-16
0.1,0.1,-2.2204e-16
0.1,0.1,-2.2204e-16
0.1,0.1,-2.2204e-16
0.1,0.1,-2.2204e-16
0.1,0.1,-2.2204e-16
0.1,0.1,-2.2204e-16
0.1,0.1,-2.2204e-16
0.1,0.1,-2.2204e-16
0.1,0.1,-2.2204e-16
0.1,0.1,-2.2204e-16
0.1,0.1,-2.2204e-16
0.1,0.1,-2.2204e-16
0.1,0.1,-2.2204e-16
0.1,0.1,-2.2204e-16
0.1,0.1,-2.2204e-16
0.1,0.1,-2.2204e-16
