421052834,0,0.0,0.0,0,0.007531837,-0.010168959,0.12387087,0.0,0.0,0.0,0.0,0.0,0.0,0.0,0.0,0.0,0.0,0.0,0.0,0.0,0.0,0.0,0.0,0.0,0.0,0.0,0.0,0.0,2,0,0,0,0,0,0,0,0,0,0,0
421155034,0,0.0,0.0,0,0.0074820938,-0.010018122,0.11804956,0.0,0.0,0.0,0.0,0.0,0.0,0.0,0.0,0.0,0.0,0.0,0.0,0.0,0.0,0.0,0.0,0.0,0.0,0.0,0.0,0.0,2,0,0,0,0,0,0,0,0,0,0,0
421258439,0,0.0,0.0,0,0.00699824,-0.010313817,0.112726256,0.0,0.0,0.0,0.0,0.0,0.0,0.0,0.0,0.0,0.0,0.0,0.0,0.0,0.0,0.0,0.0,0.0,0.0,0.0,0.0,0.0,2,0,0,0,0,0,0,0,0,0,0,0
421360210,0,0.0,0.0,0,0.007613721,-0.010095949,0.115817845,0.0,0.0,0.0,0.0,0.0,0.0,0.0,0.0,0.0,0.0,0.0,0.0,0.0,0.0,0.0,0.0,0.0,0.0,0.0,0.0,0.0,2,0,0,0,0,0,0,0,0,0,0,0
421455061,0,0.0,0.0,0,0.00748282,-0.010062443,0.12018947,0.0,0.0,0.0,0.0,0.0,0.0,0.0,0.0,0.0,0.0,0.0,0.0,0.0,0.0,0.0,0.0,0.0,0.0,0.0,0.0,0.0,2,0,0,0,0,0,0,0,0,0,0,0
421558629,0,0.0,0.0,0,0.0072760386,-0.010288595,0.14596641,0.0,0.0,0.0,0.0,0.0,0.0,0.0,0.0,0.0,0.0,0.0,0.0,0.0,0.0,0.0,0.0,0.0,0.0,0.0,0.0,0.0,2,0,0,0,0,0,0,0,0,0,0,0
421656390,0,0.0,0.0,0,0.0076286956,-0.010215022,0.12053219,0.0,0.0,0.0,0.0,0.0,0.0,0.0,0.0,0.0,0.0,0.0,0.0,0.0,0.0,0.0,0.0,0.0,0.0,0.0,0.0,0.0,2,0,0,0,0,0,0,0,0,0,0,0
421751707,0,0.0,0.0,0,0.0076504597,-0.010030013,0.10884253,0.0,0.0,0.0,0.0,0.0,0.0,0.0,0.0,0.0,0.0,0.0,0.0,0.0,0.0,0.0,0.0,0.0,0.0,0.0,0.0,0.0,2,0,0,0,0,0,0,0,0,0,0,0
421858457,0,0.0,0.0,0,0.007619709,-0.010115601,0.115339674,0.0,0.0,0.0,0.0,0.0,0.0,0.0,0.0,0.0,0.0,0.0,0.0,0.0,0.0,0.0,0.0,0.0,0.0,0.0,0.0,0.0,2,0,0,0,0,0,0,0,0,0,0,0
421966570,0,0.0,0.0,0,0.0076367483,-0.010012593,0.1184547,0.0,0.0,0.0,0.0,0.0,0.0,0.0,0.0,0.0,0.0,0.0,0.0,0.0,0.0,0.0,0.0,0.0,0.0,0.0,0.0,0.0,2,0,0,0,0,0,0,0,0,0,0,0
422063174,0,0.0,0.0,0,0.0075991447,-0.009979898,0.11745911,0.0,0.0,0.0,0.0,0.0,0.0,0.0,0.0,0.0,0.0,0.0,0.0,0.0,0.0,0.0,0.0,0.0,0.0,0.0,0.0,0.0,2,0,0,0,0,0,0,0,0,0,0,0
422154186,0,0.0,0.0,0,0.0074806283,-0.010012195,0.1182966,0.0,0.0,0.0,0.0,0.0,0.0,0.0,0.0,0.0,0.0,0.0,0.0,0.0,0.0,0.0,0.0,0.0,0.0,0.0,0.0,0.0,2,0,0,0,0,0,0,0,0,0,0,0
422263084,0,0.0,0.0,0,0.0076286956,-0.010215022,0.12053219,0.0,0.0,0.0,0.0,0.0,0.0,0.0,0.0,0.0,0.0,0.0,0.0,0.0,0.0,0.0,0.0,0.0,0.0,0.0,0.0,0.0,2,0,0,0,0,0,0,0,0,0,0,0
422357002,0,0.0,0.0,0,0.00748282,-0.010062443,0.12018947,0.0,0.0,0.0,0.0,0.0,0.0,0.0,0.0,0.0,0.0,0.0,0.0,0.0,0.0,0.0,0.0,0.0,0.0,0.0,0.0,0.0,2,0,0,0,0,0,0,0,0,0,0,0
422452764,0,0.0,0.0,0,0.006992303,-0.010414936,0.10690575,0.0,0.0,0.0,0.0,0.0,0.0,0.0,0.0,0.0,0.0,0.0,0.0,0.0,0.0,0.0,0.0,0.0,0.0,0.0,0.0,0.0,2,0,0,0,0,0,0,0,0,0,0,0
422554531,0,0.0,0.0,0,0.007597143,-0.00993255,0.10748902,0.0,0.0,0.0,0.0,0.0,0.0,0.0,0.0,0.0,0.0,0.0,0.0,0.0,0.0,0.0,0.0,0.0,0.0,0.0,0.0,0.0,2,0,0,0,0,0,0,0,0,0,0,0
422651583,0,0.0,0.0,0,0.007600456,-0.010024974,0.1202974,0.0,0.0,0.0,0.0,0.0,0.0,0.0,0.0,0.0,0.0,0.0,0.0,0.0,0.0,0.0,0.0,0.0,0.0,0.0,0.0,0.0,2,0,0,0,0,0,0,0,0,0,0,0
422751638,0,0.0,0.0,0,0.007481254,-0.010056827,0.12052329,0.0,0.0,0.0,0.0,0.0,0.0,0.0,0.0,0.0,0.0,0.0,0.0,0.0,0.0,0.0,0.0,0.0,0.0,0.0,0.0,0.0,2,0,0,0,0,0,0,0,0,0,0,0
422857866,0,0.0,0.0,0,0.0076286956,-0.010215022,0.12053219,0.0,0.0,0.0,0.0,0.0,0.0,0.0,0.0,0.0,0.0,0.0,0.0,0.0,0.0,0.0,0.0,0.0,0.0,0.0,0.0,0.0,2,0,0,0,0,0,0,0,0,0,0,0
422960898,0,0.0,0.0,0,0.006990706,-0.010517952,0.11434125,0.0,0.0,0.0,0.0,0.0,0.0,0.0,0.0,0.0,0.0,0.0,0.0,0.0,0.0,0.0,0.0,0.0,0.0,0.0,0.0,0.0,2,0,0,0,0,0,0,0,0,0,0,0
423051861,0,0.0,0.0,0,0.0075835534,-0.009861493,0.112824924,0.0,0.0,0.0,0.0,0.0,0.0,0.0,0.0,0.0,0.0,0.0,0.0,0.0,0.0,0.0,0.0,0.0,0.0,0.0,0.0,0.0,2,0,0,0,0,0,0,0,0,0,0,0
423156620,0,0.0,0.0,0,0.0076208357,-0.0098481085,0.10994496,0.0,0.0,0.0,0.0,0.0,0.0,0.0,0.0,0.0,0.0,0.0,0.0,0.0,0.0,0.0,0.0,0.0,0.0,0.0,0.0,0.0,2,0,0,0,0,0,0,0,0,0,0,0
423260232,0,0.0,0.0,0,0.0076714726,-0.010218896,0.11808603,0.0,0.0,0.0,0.0,0.0,0.0,0.0,0.0,0.0,0.0,0.0,0.0,0.0,0.0,0.0,0.0,0.0,0.0,0.0,0.0,0.0,2,0,0,0,0,0,0,0,0,0,0,0
423356067,0,0.0,0.0,0,0.0075188144,-0.010002175,0.115543105,0.0,0.0,0.0,0.0,0.0,0.0,0.0,0.0,0.0,0.0,0.0,0.0,0.0,0.0,0.0,0.0,0.0,0.0,0.0,0.0,0.0,2,0,0,0,0,0,0,0,0,0,0,0
423459556,0,0.0,0.0,0,0.0076515977,-0.010130893,0.12309977,0.0,0.0,0.0,0.0,0.0,0.0,0.0,0.0,0.0,0.0,0.0,0.0,0.0,0.0,0.0,0.0,0.0,0.0,0.0,0.0,0.0,2,0,0,0,0,0,0,0,0,0,0,0
423562990,0,0.0,0.0,0,0.007290365,-0.010292165,0.14589205,0.0,0.0,0.0,0.0,0.0,0.0,0.0,0.0,0.0,0.0,0.0,0.0,0.0,0.0,0.0,0.0,0.0,0.0,0.0,0.0,0.0,2,0,0,0,0,0,0,0,0,0,0,0
423660819,0,0.0,0.0,0,0.00699824,-0.010313817,0.112726256,0.0,0.0,0.0,0.0,0.0,0.0,0.0,0.0,0.0,0.0,0.0,0.0,0.0,0.0,0.0,0.0,0.0,0.0,0.0,0.0,0.0,2,0,0,0,0,0,0,0,0,0,0,0
423760223,0,0.0,0.0,0,0.007189148,-0.010267271,0.1471201,0.0,0.0,0.0,0.0,0.0,0.0,0.0,0.0,0.0,0.0,0.0,0.0,0.0,0.0,0.0,0.0,0.0,0.0,0.0,0.0,0.0,2,0,0,0,0,0,0,0,0,0,0,0
423955454,0,0.0,0.0,0,0.007597143,-0.00993255,0.10748902,0.0,0.0,0.0,0.0,0.0,0.0,0.0,0.0,0.0,0.0,0.0,0.0,0.0,0.0,0.0,0.0,0.0,0.0,0.0,0.0,0.0,2,0,0,0,0,0,0,0,0,0,0,0
424052592,0,0.0,0.0,0,0.0069430964,-0.010199345,0.11675493,0.0,0.0,0.0,0.0,0.0,0.0,0.0,0.0,0.0,0.0,0.0,0.0,0.0,0.0,0.0,0.0,0.0,0.0,0.0,0.0,0.0,2,0,0,0,0,0,0,0,0,0,0,0
424154226,0,0.0,0.0,0,0.007504016,-0.009885121,0.11103925,0.0,0.0,0.0,0.0,0.0,0.0,0.0,0.0,0.0,0.0,0.0,0.0,0.0,0.0,0.0,0.0,0.0,0.0,0.0,0.0,0.0,2,0,0,0,0,0,0,0,0,0,0,0
424255577,0,0.0,0.0,0,0.0075178496,-0.009949755,0.10596781,0.0,0.0,0.0,0.0,0.0,0.0,0.0,0.0,0.0,0.0,0.0,0.0,0.0,0.0,0.0,0.0,0.0,0.0,0.0,0.0,0.0,2,0,0,0,0,0,0,0,0,0,0,0
424353653,0,0.0,0.0,0,0.0076533617,-0.01000362,0.099410124,0.0,0.0,0.0,0.0,0.0,0.0,0.0,0.0,0.0,0.0,0.0,0.0,0.0,0.0,0.0,0.0,0.0,0.0,0.0,0.0,0.0,2,0,0,0,0,0,0,0,0,0,0,0
424459824,0,0.0,0.0,0,0.007597143,-0.00993255,0.10748902,0.0,0.0,0.0,0.0,0.0,0.0,0.0,0.0,0.0,0.0,0.0,0.0,0.0,0.0,0.0,0.0,0.0,0.0,0.0,0.0,0.0,2,0,0,0,0,0,0,0,0,0,0,0
424559895,0,0.0,0.0,0,0.0076156864,-0.010022638,0.10210875,0.0,0.0,0.0,0.0,0.0,0.0,0.0,0.0,0.0,0.0,0.0,0.0,0.0,0.0,0.0,0.0,0.0,0.0,0.0,0.0,0.0,2,0,0,0,0,0,0,0,0,0,0,0
424652759,0,0.0,0.0,0,0.0076562497,-0.010100723,0.113467105,0.0,0.0,0.0,0.0,0.0,0.0,0.0,0.0,0.0,0.0,0.0,0.0,0.0,0.0,0.0,0.0,0.0,0.0,0.0,0.0,0.0,2,0,0,0,0,0,0,0,0,0,0,0
424759608,0,0.0,0.0,0,0.007597143,-0.00993255,0.10748902,0.0,0.0,0.0,0.0,0.0,0.0,0.0,0.0,0.0,0.0,0.0,0.0,0.0,0.0,0.0,0.0,0.0,0.0,0.0,0.0,0.0,2,0,0,0,0,0,0,0,0,0,0,0
424858093,0,0.0,0.0,0,0.007612896,-0.010049973,0.11198488,0.0,0.0,0.0,0.0,0.0,0.0,0.0,0.0,0.0,0.0,0.0,0.0,0.0,0.0,0.0,0.0,0.0,0.0,0.0,0.0,0.0,2,0,0,0,0,0,0,0,0,0,0,0
424952439,0,0.0,0.0,0,0.007600456,-0.010024974,0.1202974,0.0,0.0,0.0,0.0,0.0,0.0,0.0,0.0,0.0,0.0,0.0,0.0,0.0,0.0,0.0,0.0,0.0,0.0,0.0,0.0,0.0,2,0,0,0,0,0,0,0,0,0,0,0
425048733,0,0.0,0.0,0,0.006992303,-0.010414936,0.10690575,0.0,0.0,0.0,0.0,0.0,0.0,0.0,0.0,0.0,0.0,0.0,0.0,0.0,0.0,0.0,0.0,0.0,0.0,0.0,0.0,0.0,2,0,0,0,0,0,0,0,0,0,0,0
425152908,0,0.0,0.0,0,0.0070694527,-0.010650071,0.116952606,0.0,0.0,0.0,0.0,0.0,0.0,0.0,0.0,0.0,0.0,0.0,0.0,0.0,0.0,0.0,0.0,0.0,0.0,0.0,0.0,0.0,2,0,0,0,0,0,0,0,0,0,0,0
425257899,0,0.0,0.0,0,0.0070694527,-0.010650071,0.116952606,0.0,0.0,0.0,0.0,0.0,0.0,0.0,0.0,0.0,0.0,0.0,0.0,0.0,0.0,0.0,0.0,0.0,0.0,0.0,0.0,0.0,2,0,0,0,0,0,0,0,0,0,0,0
425358261,0,0.0,0.0,0,0.006992303,-0.010414936,0.10690575,0.0,0.0,0.0,0.0,0.0,0.0,0.0,0.0,0.0,0.0,0.0,0.0,0.0,0.0,0.0,0.0,0.0,0.0,0.0,0.0,0.0,2,0,0,0,0,0,0,0,0,0,0,0
425460999,0,0.0,0.0,0,0.0075000385,-0.010060294,0.10321971,0.0,0.0,0.0,0.0,0.0,0.0,0.0,0.0,0.0,0.0,0.0,0.0,0.0,0.0,0.0,0.0,0.0,0.0,0.0,0.0,0.0,2,0,0,0,0,0,0,0,0,0,0,0
425560755,0,0.0,0.0,0,0.0074312105,-0.009746986,0.118972056,0.0,0.0,0.0,0.0,0.0,0.0,0.0,0.0,0.0,0.0,0.0,0.0,0.0,0.0,0.0,0.0,0.0,0.0,0.0,0.0,0.0,2,0,0,0,0,0,0,0,0,0,0,0
425654388,0,0.0,0.0,0,0.007504016,-0.009885121,0.11103925,0.0,0.0,0.0,0.0,0.0,0.0,0.0,0.0,0.0,0.0,0.0,0.0,0.0,0.0,0.0,0.0,0.0,0.0,0.0,0.0,0.0,2,0,0,0,0,0,0,0,0,0,0,0
425764654,0,0.0,0.0,0,0.0074673044,-0.009899153,0.11333747,0.0,0.0,0.0,0.0,0.0,0.0,0.0,0.0,0.0,0.0,0.0,0.0,0.0,0.0,0.0,0.0,0.0,0.0,0.0,0.0,0.0,2,0,0,0,0,0,0,0,0,0,0,0
425855395,0,0.0,0.0,0,0.0075178496,-0.009949755,0.10596781,0.0,0.0,0.0,0.0,0.0,0.0,0.0,0.0,0.0,0.0,0.0,0.0,0.0,0.0,0.0,0.0,0.0,0.0,0.0,0.0,0.0,2,0,0,0,0,0,0,0,0,0,0,0
425948131,0,0.0,0.0,0,0.007509527,-0.010252462,0.12123097,0.0,0.0,0.0,0.0,0.0,0.0,0.0,0.0,0.0,0.0,0.0,0.0,0.0,0.0,0.0,0.0,0.0,0.0,0.0,0.0,0.0,2,0,0,0,0,0,0,0,0,0,0,0
426052589,0,0.0,0.0,0,0.0074312105,-0.009746986,0.118972056,0.0,0.0,0.0,0.0,0.0,0.0,0.0,0.0,0.0,0.0,0.0,0.0,0.0,0.0,0.0,0.0,0.0,0.0,0.0,0.0,0.0,2,0,0,0,0,0,0,0,0,0,0,0
426154871,0,0.0,0.0,0,0.0076208357,-0.0098481085,0.10994496,0.0,0.0,0.0,0.0,0.0,0.0,0.0,0.0,0.0,0.0,0.0,0.0,0.0,0.0,0.0,0.0,0.0,0.0,0.0,0.0,0.0,2,0,0,0,0,0,0,0,0,0,0,0
426266931,0,0.0,0.0,0,0.0076208357,-0.0098481085,0.10994496,0.0,0.0,0.0,0.0,0.0,0.0,0.0,0.0,0.0,0.0,0.0,0.0,0.0,0.0,0.0,0.0,0.0,0.0,0.0,0.0,0.0,2,0,0,0,0,0,0,0,0,0,0,0
426360356,0,0.0,0.0,0,0.0075020837,-0.010152565,0.1155085,0.0,0.0,0.0,0.0,0.0,0.0,0.0,0.0,0.0,0.0,0.0,0.0,0.0,0.0,0.0,0.0,0.0,0.0,0.0,0.0,0.0,2,0,0,0,0,0,0,0,0,0,0,0
426465606,0,0.0,0.0,0,0.007027444,-0.010626749,0.119461566,0.0,0.0,0.0,0.0,0.0,0.0,0.0,0.0,0.0,0.0,0.0,0.0,0.0,0.0,0.0,0.0,0.0,0.0,0.0,0.0,0.0,2,0,0,0,0,0,0,0,0,0,0,0
426569192,0,0.0,0.0,0,0.00706945,-0.01065006,0.11695262,0.0,0.0,0.0,0.0,0.0,0.0,0.0,0.0,0.0,0.0,0.0,0.0,0.0,0.0,0.0,0.0,0.0,0.0,0.0,0.0,0.0,2,0,0,0,0,0,0,0,0,0,0,0
426661039,0,0.0,0.0,0,0.007027444,-0.010626749,0.119461566,0.0,0.0,0.0,0.0,0.0,0.0,0.0,0.0,0.0,0.0,0.0,0.0,0.0,0.0,0.0,0.0,0.0,0.0,0.0,0.0,0.0,2,0,0,0,0,0,0,0,0,0,0,0
426759105,0,0.0,0.0,0,0.0074956957,-0.010086902,0.1131054,0.0,0.0,0.0,0.0,0.0,0.0,0.0,0.0,0.0,0.0,0.0,0.0,0.0,0.0,0.0,0.0,0.0,0.0,0.0,0.0,0.0,2,0,0,0,0,0,0,0,0,0,0,0
426858166,0,0.0,0.0,0,0.0066476706,-0.00996804,0.11643058,0.0,0.0,0.0,0.0,0.0,0.0,0.0,0.0,0.0,0.0,0.0,0.0,0.0,0.0,0.0,0.0,0.0,0.0,0.0,0.0,0.0,2,0,0,0,0,0,0,0,0,0,0,0
426953413,0,0.0,0.0,0,0.0068230983,-0.009817036,0.12342738,0.0,0.0,0.0,0.0,0.0,0.0,0.0,0.0,0.0,0.0,0.0,0.0,0.0,0.0,0.0,0.0,0.0,0.0,0.0,0.0,0.0,2,0,0,0,0,0,0,0,0,0,0,0
427052002,0,0.0,0.0,0,0.0074312105,-0.009746986,0.118972056,0.0,0.0,0.0,0.0,0.0,0.0,0.0,0.0,0.0,0.0,0.0,0.0,0.0,0.0,0.0,0.0,0.0,0.0,0.0,0.0,0.0,2,0,0,0,0,0,0,0,0,0,0,0
427156871,0,0.0,0.0,0,0.007552153,-0.009725129,0.11729877,0.0,0.0,0.0,0.0,0.0,0.0,0.0,0.0,0.0,0.0,0.0,0.0,0.0,0.0,0.0,0.0,0.0,0.0,0.0,0.0,0.0,2,0,0,0,0,0,0,0,0,0,0,0
427268334,0,0.0,0.0,0,0.0074673044,-0.009899153,0.11333747,0.0,0.0,0.0,0.0,0.0,0.0,0.0,0.0,0.0,0.0,0.0,0.0,0.0,0.0,0.0,0.0,0.0,0.0,0.0,0.0,0.0,2,0,0,0,0,0,0,0,0,0,0,0
427351050,0,0.0,0.0,0,0.0074673044,-0.009899153,0.11333747,0.0,0.0,0.0,0.0,0.0,0.0,0.0,0.0,0.0,0.0,0.0,0.0,0.0,0.0,0.0,0.0,0.0,0.0,0.0,0.0,0.0,2,0,0,0,0,0,0,0,0,0,0,0
427456893,0,0.0,0.0,0,0.0072760386,-0.010288595,0.14596641,0.0,0.0,0.0,0.0,0.0,0.0,0.0,0.0,0.0,0.0,0.0,0.0,0.0,0.0,0.0,0.0,0.0,0.0,0.0,0.0,0.0,2,0,0,0,0,0,0,0,0,0,0,0
427552941,0,0.0,0.0,0,0.0074673044,-0.009899153,0.11333747,0.0,0.0,0.0,0.0,0.0,0.0,0.0,0.0,0.0,0.0,0.0,0.0,0.0,0.0,0.0,0.0,0.0,0.0,0.0,0.0,0.0,2,0,0,0,0,0,0,0,0,0,0,0
427651383,0,0.0,0.0,0,0.0074806283,-0.010012195,0.1182966,0.0,0.0,0.0,0.0,0.0,0.0,0.0,0.0,0.0,0.0,0.0,0.0,0.0,0.0,0.0,0.0,0.0,0.0,0.0,0.0,0.0,2,0,0,0,0,0,0,0,0,0,0,0
427750329,0,0.0,0.0,0,0.00699824,-0.010313817,0.112726256,0.0,0.0,0.0,0.0,0.0,0.0,0.0,0.0,0.0,0.0,0.0,0.0,0.0,0.0,0.0,0.0,0.0,0.0,0.0,0.0,0.0,2,0,0,0,0,0,0,0,0,0,0,0
427862421,0,0.0,0.0,0,0.007636527,-0.009964794,0.114363335,0.0,0.0,0.0,0.0,0.0,0.0,0.0,0.0,0.0,0.0,0.0,0.0,0.0,0.0,0.0,0.0,0.0,0.0,0.0,0.0,0.0,2,0,0,0,0,0,0,0,0,0,0,0
427949787,0,0.0,0.0,0,0.0074673044,-0.009899153,0.11333747,0.0,0.0,0.0,0.0,0.0,0.0,0.0,0.0,0.0,0.0,0.0,0.0,0.0,0.0,0.0,0.0,0.0,0.0,0.0,0.0,0.0,2,0,0,0,0,0,0,0,0,0,0,0
428056618,0,0.0,0.0,0,0.0076183006,-0.010071193,0.11220686,0.0,0.0,0.0,0.0,0.0,0.0,0.0,0.0,0.0,0.0,0.0,0.0,0.0,0.0,0.0,0.0,0.0,0.0,0.0,0.0,0.0,2,0,0,0,0,0,0,0,0,0,0,0
428160726,0,0.0,0.0,0,0.0076397397,-0.009937343,0.10488553,0.0,0.0,0.0,0.0,0.0,0.0,0.0,0.0,0.0,0.0,0.0,0.0,0.0,0.0,0.0,0.0,0.0,0.0,0.0,0.0,0.0,2,0,0,0,0,0,0,0,0,0,0,0
428245894,0,0.0,0.0,0,0.0074807885,-0.009969038,0.10852473,0.0,0.0,0.0,0.0,0.0,0.0,0.0,0.0,0.0,0.0,0.0,0.0,0.0,0.0,0.0,0.0,0.0,0.0,0.0,0.0,0.0,2,0,0,0,0,0,0,0,0,0,0,0
428376762,0,0.0,0.0,0,0.0075000385,-0.010060294,0.10321971,0.0,0.0,0.0,0.0,0.0,0.0,0.0,0.0,0.0,0.0,0.0,0.0,0.0,0.0,0.0,0.0,0.0,0.0,0.0,0.0,0.0,2,0,0,0,0,0,0,0,0,0,0,0
428452697,0,0.0,0.0,0,0.0075835534,-0.009861493,0.112824924,0.0,0.0,0.0,0.0,0.0,0.0,0.0,0.0,0.0,0.0,0.0,0.0,0.0,0.0,0.0,0.0,0.0,0.0,0.0,0.0,0.0,2,0,0,0,0,0,0,0,0,0,0,0
428549589,0,0.0,0.0,0,0.00748635,-0.009990022,0.108306594,0.0,0.0,0.0,0.0,0.0,0.0,0.0,0.0,0.0,0.0,0.0,0.0,0.0,0.0,0.0,0.0,0.0,0.0,0.0,0.0,0.0,2,0,0,0,0,0,0,0,0,0,0,0
428652422,0,0.0,0.0,0,0.006814146,-0.010098263,0.112277165,0.0,0.0,0.0,0.0,0.0,0.0,0.0,0.0,0.0,0.0,0.0,0.0,0.0,0.0,0.0,0.0,0.0,0.0,0.0,0.0,0.0,2,0,0,0,0,0,0,0,0,0,0,0
428755223,0,0.0,0.0,0,0.0074047754,-0.009890448,0.15018913,0.0,0.0,0.0,0.0,0.0,0.0,0.0,0.0,0.0,0.0,0.0,0.0,0.0,0.0,0.0,0.0,0.0,0.0,0.0,0.0,0.0,2,0,0,0,0,0,0,0,0,0,0,0
428854977,0,0.0,0.0,0,0.0074047754,-0.009890448,0.15018913,0.0,0.0,0.0,0.0,0.0,0.0,0.0,0.0,0.0,0.0,0.0,0.0,0.0,0.0,0.0,0.0,0.0,0.0,0.0,0.0,0.0,2,0,0,0,0,0,0,0,0,0,0,0
428955594,0,0.0,0.0,0,0.0076510953,-0.009712768,0.11877393,0.0,0.0,0.0,0.0,0.0,0.0,0.0,0.0,0.0,0.0,0.0,0.0,0.0,0.0,0.0,0.0,0.0,0.0,0.0,0.0,0.0,2,0,0,0,0,0,0,0,0,0,0,0
429058793,0,0.0,0.0,0,0.0074047754,-0.009890448,0.15018913,0.0,0.0,0.0,0.0,0.0,0.0,0.0,0.0,0.0,0.0,0.0,0.0,0.0,0.0,0.0,0.0,0.0,0.0,0.0,0.0,0.0,2,0,0,0,0,0,0,0,0,0,0,0
429154319,0,0.0,0.0,0,0.0075835534,-0.009861493,0.112824924,0.0,0.0,0.0,0.0,0.0,0.0,0.0,0.0,0.0,0.0,0.0,0.0,0.0,0.0,0.0,0.0,0.0,0.0,0.0,0.0,0.0,2,0,0,0,0,0,0,0,0,0,0,0
429261485,0,0.0,0.0,0,0.0077142543,-0.009750835,0.119888864,0.0,0.0,0.0,0.0,0.0,0.0,0.0,0.0,0.0,0.0,0.0,0.0,0.0,0.0,0.0,0.0,0.0,0.0,0.0,0.0,0.0,2,0,0,0,0,0,0,0,0,0,0,0
429363273,0,0.0,0.0,0,0.00795879,-0.009699432,0.11914758,0.0,0.0,0.0,0.0,0.0,0.0,0.0,0.0,0.0,0.0,0.0,0.0,0.0,0.0,0.0,0.0,0.0,0.0,0.0,0.0,0.0,2,0,0,0,0,0,0,0,0,0,0,0
429459906,0,0.0,0.0,0,0.0078109093,-0.00986221,0.14581689,0.0,0.0,0.0,0.0,0.0,0.0,0.0,0.0,0.0,0.0,0.0,0.0,0.0,0.0,0.0,0.0,0.0,0.0,0.0,0.0,0.0,2,0,0,0,0,0,0,0,0,0,0,0
429561416,0,0.0,0.0,0,0.0073285648,-0.0098237,0.12398707,0.0,0.0,0.0,0.0,0.0,0.0,0.0,0.0,0.0,0.0,0.0,0.0,0.0,0.0,0.0,0.0,0.0,0.0,0.0,0.0,0.0,2,0,0,0,0,0,0,0,0,0,0,0
429653526,0,0.0,0.0,0,0.007918788,-0.009711474,0.11892425,0.0,0.0,0.0,0.0,0.0,0.0,0.0,0.0,0.0,0.0,0.0,0.0,0.0,0.0,0.0,0.0,0.0,0.0,0.0,0.0,0.0,2,0,0,0,0,0,0,0,0,0,0,0
429757287,0,0.0,0.0,0,0.007791163,-0.0097278375,0.118620254,0.0,0.0,0.0,0.0,0.0,0.0,0.0,0.0,0.0,0.0,0.0,0.0,0.0,0.0,0.0,0.0,0.0,0.0,0.0,0.0,0.0,2,0,0,0,0,0,0,0,0,0,0,0
429860715,0,0.0,0.0,0,0.008199422,-0.0097229825,0.12106602,0.0,0.0,0.0,0.0,0.0,0.0,0.0,0.0,0.0,0.0,0.0,0.0,0.0,0.0,0.0,0.0,0.0,0.0,0.0,0.0,0.0,2,0,0,0,0,0,0,0,0,0,0,0
429945456,0,0.0,0.0,0,0.0074909967,-0.00950585,0.12446523,0.0,0.0,0.0,0.0,0.0,0.0,0.0,0.0,0.0,0.0,0.0,0.0,0.0,0.0,0.0,0.0,0.0,0.0,0.0,0.0,0.0,2,0,0,0,0,0,0,0,0,0,0,0
430061335,0,0.0,0.0,0,0.008266623,-0.009528043,0.124689214,0.0,0.0,0.0,0.0,0.0,0.0,0.0,0.0,0.0,0.0,0.0,0.0,0.0,0.0,0.0,0.0,0.0,0.0,0.0,0.0,0.0,2,0,0,0,0,0,0,0,0,0,0,0
430147739,0,0.0,0.0,0,0.0071782446,-0.009382939,0.113658845,0.0,0.0,0.0,0.0,0.0,0.0,0.0,0.0,0.0,0.0,0.0,0.0,0.0,0.0,0.0,0.0,0.0,0.0,0.0,0.0,0.0,2,0,0,0,0,0,0,0,0,0,0,0
430253042,0,0.0,0.0,0,0.008364773,-0.009500707,0.12390532,0.0,0.0,0.0,0.0,0.0,0.0,0.0,0.0,0.0,0.0,0.0,0.0,0.0,0.0,0.0,0.0,0.0,0.0,0.0,0.0,0.0,2,0,0,0,0,0,0,0,0,0,0,0
430348854,0,0.0,0.0,0,0.0072249533,-0.009333578,0.11734054,0.0,0.0,0.0,0.0,0.0,0.0,0.0,0.0,0.0,0.0,0.0,0.0,0.0,0.0,0.0,0.0,0.0,0.0,0.0,0.0,0.0,2,0,0,0,0,0,0,0,0,0,0,0
430454290,0,0.0,0.0,0,0.007757479,-0.0096766325,0.12007662,0.0,0.0,0.0,0.0,0.0,0.0,0.0,0.0,0.0,0.0,0.0,0.0,0.0,0.0,0.0,0.0,0.0,0.0,0.0,0.0,0.0,2,0,0,0,0,0,0,0,0,0,0,0
430567644,0,0.0,0.0,0,0.0073811854,-0.009297993,0.118828006,0.0,0.0,0.0,0.0,0.0,0.0,0.0,0.0,0.0,0.0,0.0,0.0,0.0,0.0,0.0,0.0,0.0,0.0,0.0,0.0,0.0,2,0,0,0,0,0,0,0,0,0,0,0
430651753,0,0.0,0.0,0,0.008338328,-0.009529611,0.12481183,0.0,0.0,0.0,0.0,0.0,0.0,0.0,0.0,0.0,0.0,0.0,0.0,0.0,0.0,0.0,0.0,0.0,0.0,0.0,0.0,0.0,2,0,0,0,0,0,0,0,0,0,0,0
430759439,0,0.0,0.0,0,0.0068386984,-0.009449272,0.11390629,0.0,0.0,0.0,0.0,0.0,0.0,0.0,0.0,0.0,0.0,0.0,0.0,0.0,0.0,0.0,0.0,0.0,0.0,0.0,0.0,0.0,2,0,0,0,0,0,0,0,0,0,0,0
430861683,0,0.0,0.0,0,0.0073811854,-0.009297993,0.118828006,0.0,0.0,0.0,0.0,0.0,0.0,0.0,0.0,0.0,0.0,0.0,0.0,0.0,0.0,0.0,0.0,0.0,0.0,0.0,0.0,0.0,2,0,0,0,0,0,0,0,0,0,0,0
430952561,0,0.0,0.0,0,0.007312726,-0.009413094,0.12070023,0.0,0.0,0.0,0.0,0.0,0.0,0.0,0.0,0.0,0.0,0.0,0.0,0.0,0.0,0.0,0.0,0.0,0.0,0.0,0.0,0.0,2,0,0,0,0,0,0,0,0,0,0,0
431061691,0,0.0,0.0,0,0.0071110236,-0.00932225,0.11774558,0.0,0.0,0.0,0.0,0.0,0.0,0.0,0.0,0.0,0.0,0.0,0.0,0.0,0.0,0.0,0.0,0.0,0.0,0.0,0.0,0.0,2,0,0,0,0,0,0,0,0,0,0,0
431155146,0,0.0,0.0,0,0.007321919,-0.009495047,0.12323767,0.0,0.0,0.0,0.0,0.0,0.0,0.0,0.0,0.0,0.0,0.0,0.0,0.0,0.0,0.0,0.0,0.0,0.0,0.0,0.0,0.0,2,0,0,0,0,0,0,0,0,0,0,0
431264285,0,0.0,0.0,0,0.0065161525,-0.009324636,0.111048885,0.0,0.0,0.0,0.0,0.0,0.0,0.0,0.0,0.0,0.0,0.0,0.0,0.0,0.0,0.0,0.0,0.0,0.0,0.0,0.0,0.0,2,0,0,0,0,0,0,0,0,0,0,0
431359424,0,0.0,0.0,0,0.0072258557,-0.009382032,0.122345835,0.0,0.0,0.0,0.0,0.0,0.0,0.0,0.0,0.0,0.0,0.0,0.0,0.0,0.0,0.0,0.0,0.0,0.0,0.0,0.0,0.0,2,0,0,0,0,0,0,0,0,0,0,0
431455289,0,0.0,0.0,0,0.008502219,-0.010413944,0.11482646,0.0,0.0,0.0,0.0,0.0,0.0,0.0,0.0,0.0,0.0,0.0,0.0,0.0,0.0,0.0,0.0,0.0,0.0,0.0,0.0,0.0,2,0,0,0,0,0,0,0,0,0,0,0
431555616,0,0.0,0.0,0,0.0089588985,-0.010499334,0.11915202,0.0,0.0,0.0,0.0,0.0,0.0,0.0,0.0,0.0,0.0,0.0,0.0,0.0,0.0,0.0,0.0,0.0,0.0,0.0,0.0,0.0,2,0,0,0,0,0,0,0,0,0,0,0
431653660,0,0.0,0.0,0,0.009064984,-0.010554691,0.11358581,0.0,0.0,0.0,0.0,0.0,0.0,0.0,0.0,0.0,0.0,0.0,0.0,0.0,0.0,0.0,0.0,0.0,0.0,0.0,0.0,0.0,2,0,0,0,0,0,0,0,0,0,0,0
431748231,0,0.0,0.0,0,0.0089386115,-0.009738563,0.110341564,0.0,0.0,0.0,0.0,0.0,0.0,0.0,0.0,0.0,0.0,0.0,0.0,0.0,0.0,0.0,0.0,0.0,0.0,0.0,0.0,0.0,2,0,0,0,0,0,0,0,0,0,0,0
431855050,0,0.0,0.0,0,0.0064825113,-0.00861437,0.12422784,0.0,0.0,0.0,0.0,0.0,0.0,0.0,0.0,0.0,0.0,0.0,0.0,0.0,0.0,0.0,0.0,0.0,0.0,0.0,0.0,0.0,2,0,0,0,0,0,0,0,0,0,0,0
431948320,0,0.0,0.0,0,0.0059526023,-0.007944974,0.10483057,0.0,0.0,0.0,0.0,0.0,0.0,0.0,0.0,0.0,0.0,0.0,0.0,0.0,0.0,0.0,0.0,0.0,0.0,0.0,0.0,0.0,2,0,0,0,0,0,0,0,0,0,0,0
432055619,0,0.0,0.0,0,0.0066523408,-0.008045345,0.108284846,0.0,0.0,0.0,0.0,0.0,0.0,0.0,0.0,0.0,0.0,0.0,0.0,0.0,0.0,0.0,0.0,0.0,0.0,0.0,0.0,0.0,2,0,0,0,0,0,0,0,0,0,0,0
432162775,0,0.0,0.0,0,0.0074056676,-0.009073041,0.1202584,0.0,0.0,0.0,0.0,0.0,0.0,0.0,0.0,0.0,0.0,0.0,0.0,0.0,0.0,0.0,0.0,0.0,0.0,0.0,0.0,0.0,2,0,0,0,0,0,0,0,0,0,0,0
432251296,0,0.0,0.0,0,0.007280761,-0.009397339,0.12047576,0.0,0.0,0.0,0.0,0.0,0.0,0.0,0.0,0.0,0.0,0.0,0.0,0.0,0.0,0.0,0.0,0.0,0.0,0.0,0.0,0.0,2,0,0,0,0,0,0,0,0,0,0,0
432351031,0,0.0,0.0,0,0.007928619,-0.010025883,0.11368597,0.0,0.0,0.0,0.0,0.0,0.0,0.0,0.0,0.0,0.0,0.0,0.0,0.0,0.0,0.0,0.0,0.0,0.0,0.0,0.0,0.0,2,0,0,0,0,0,0,0,0,0,0,0
432452361,0,0.0,0.0,0,0.008592937,-0.010043144,0.116052665,0.0,0.0,0.0,0.0,0.0,0.0,0.0,0.0,0.0,0.0,0.0,0.0,0.0,0.0,0.0,0.0,0.0,0.0,0.0,0.0,0.0,2,0,0,0,0,0,0,0,0,0,0,0
432560996,0,0.0,0.0,0,0.009678675,-0.011536363,0.105712764,0.0,0.0,0.0,0.0,0.0,0.0,0.0,0.0,0.0,0.0,0.0,0.0,0.0,0.0,0.0,0.0,0.0,0.0,0.0,0.0,0.0,2,0,0,0,0,0,0,0,0,0,0,0
432654900,0,0.0,0.0,0,0.0135216275,-0.016253931,0.10394618,0.0,0.0,0.0,0.0,0.0,0.0,0.0,0.0,0.0,0.0,0.0,0.0,0.0,0.0,0.0,0.0,0.0,0.0,0.0,0.0,0.0,2,0,0,0,0,0,0,0,0,0,0,0
432765216,0,0.0,0.0,0,0.018732134,-0.020290855,0.113884196,0.0,0.0,0.0,0.0,0.0,0.0,0.0,0.0,0.0,0.0,0.0,0.0,0.0,0.0,0.0,0.0,0.0,0.0,0.0,0.0,0.0,2,0,0,0,0,0,0,0,0,0,0,0
432865252,0,0.0,0.0,0,0.01994368,-0.020951765,0.13688213,0.0,0.0,0.0,0.0,0.0,0.0,0.0,0.0,0.0,0.0,0.0,0.0,0.0,0.0,0.0,0.0,0.0,0.0,0.0,0.0,0.0,2,0,0,0,0,0,0,0,0,0,0,0
432952965,0,0.0,0.0,0,0.013953465,-0.016094288,0.09704486,0.0,0.0,0.0,0.0,0.0,0.0,0.0,0.0,0.0,0.0,0.0,0.0,0.0,0.0,0.0,0.0,0.0,0.0,0.0,0.0,0.0,2,0,0,0,0,0,0,0,0,0,0,0
433058404,0,0.0,0.0,0,0.01145205,-0.0122441435,0.14555994,0.0,0.0,0.0,0.0,0.0,0.0,0.0,0.0,0.0,0.0,0.0,0.0,0.0,0.0,0.0,0.0,0.0,0.0,0.0,0.0,0.0,2,0,0,0,0,0,0,0,0,0,0,0
433167206,0,0.0,0.0,0,0.00787394,-0.0065711164,0.11584382,0.0,0.0,0.0,0.0,0.0,0.0,0.0,0.0,0.0,0.0,0.0,0.0,0.0,0.0,0.0,0.0,0.0,0.0,0.0,0.0,0.0,2,0,0,0,0,0,0,0,0,0,0,0
433257168,0,0.0,0.0,0,0.0037409412,-0.003288468,0.098619,0.0,0.0,0.0,0.0,0.0,0.0,0.0,0.0,0.0,0.0,0.0,0.0,0.0,0.0,0.0,0.0,0.0,0.0,0.0,0.0,0.0,2,0,0,0,0,0,0,0,0,0,0,0
433357025,0,0.0,0.0,0,-0.0038887253,-0.00839294,0.108043045,0.0,0.0,0.0,0.0,0.0,0.0,0.0,0.0,0.0,0.0,0.0,0.0,0.0,0.0,0.0,0.0,0.0,0.0,0.0,0.0,0.0,2,0,0,0,0,0,0,0,0,0,0,0
433456794,0,0.0,0.0,0,-0.003251752,-0.0112883905,0.09171689,0.0,0.0,0.0,0.0,0.0,0.0,0.0,0.0,0.0,0.0,0.0,0.0,0.0,0.0,0.0,0.0,0.0,0.0,0.0,0.0,0.0,2,0,0,0,0,0,0,0,0,0,0,0
433560529,0,0.0,0.0,0,-0.0019510929,-0.01225978,0.11040589,0.0,0.0,0.0,0.0,0.0,0.0,0.0,0.0,0.0,0.0,0.0,0.0,0.0,0.0,0.0,0.0,0.0,0.0,0.0,0.0,0.0,2,0,0,0,0,0,0,0,0,0,0,0
433660634,0,0.0,0.0,0,-0.001972094,-0.011891514,0.103091404,0.0,0.0,0.0,0.0,0.0,0.0,0.0,0.0,0.0,0.0,0.0,0.0,0.0,0.0,0.0,0.0,0.0,0.0,0.0,0.0,0.0,2,0,0,0,0,0,0,0,0,0,0,0
433751676,0,0.0,0.0,0,-0.0019012709,-0.012099643,0.10205505,0.0,0.0,0.0,0.0,0.0,0.0,0.0,0.0,0.0,0.0,0.0,0.0,0.0,0.0,0.0,0.0,0.0,0.0,0.0,0.0,0.0,2,0,0,0,0,0,0,0,0,0,0,0
433850862,0,0.0,0.0,0,-0.0025896183,-0.011501363,0.114423014,0.0,0.0,0.0,0.0,0.0,0.0,0.0,0.0,0.0,0.0,0.0,0.0,0.0,0.0,0.0,0.0,0.0,0.0,0.0,0.0,0.0,2,0,0,0,0,0,0,0,0,0,0,0
433953748,0,0.0,0.0,0,-0.003948355,-0.010068584,0.09248159,0.0,0.0,0.0,0.0,0.0,0.0,0.0,0.0,0.0,0.0,0.0,0.0,0.0,0.0,0.0,0.0,0.0,0.0,0.0,0.0,0.0,2,0,0,0,0,0,0,0,0,0,0,0
434052774,0,0.0,0.0,0,-0.004271024,-0.009905249,0.08272485,0.0,0.0,0.0,0.0,0.0,0.0,0.0,0.0,0.0,0.0,0.0,0.0,0.0,0.0,0.0,0.0,0.0,0.0,0.0,0.0,0.0,2,0,0,0,0,0,0,0,0,0,0,0
434161324,0,0.0,0.0,0,-0.003983243,-0.010363963,0.09684012,0.0,0.0,0.0,0.0,0.0,0.0,0.0,0.0,0.0,0.0,0.0,0.0,0.0,0.0,0.0,0.0,0.0,0.0,0.0,0.0,0.0,2,0,0,0,0,0,0,0,0,0,0,0
434253051,0,0.0,0.0,0,-0.0034031514,-0.011316406,0.09807628,0.0,0.0,0.0,0.0,0.0,0.0,0.0,0.0,0.0,0.0,0.0,0.0,0.0,0.0,0.0,0.0,0.0,0.0,0.0,0.0,0.0,2,0,0,0,0,0,0,0,0,0,0,0
434352632,0,0.0,0.0,0,-0.0026864484,-0.011601678,0.10164975,0.0,0.0,0.0,0.0,0.0,0.0,0.0,0.0,0.0,0.0,0.0,0.0,0.0,0.0,0.0,0.0,0.0,0.0,0.0,0.0,0.0,2,0,0,0,0,0,0,0,0,0,0,0
434473578,0,0.0,0.0,0,-0.0006930622,-0.013139017,0.099808544,0.0,0.0,0.0,0.0,0.0,0.0,0.0,0.0,0.0,0.0,0.0,0.0,0.0,0.0,0.0,0.0,0.0,0.0,0.0,0.0,0.0,2,0,0,0,0,0,0,0,0,0,0,0
434555756,0,0.0,0.0,0,0.0029124662,-0.014440084,0.082064815,0.0,0.0,0.0,0.0,0.0,0.0,0.0,0.0,0.0,0.0,0.0,0.0,0.0,0.0,0.0,0.0,0.0,0.0,0.0,0.0,0.0,2,0,0,0,0,0,0,0,0,0,0,0
434651443,0,0.0,0.0,0,0.0056046676,-0.015119675,0.09853099,0.0,0.0,0.0,0.0,0.0,0.0,0.0,0.0,0.0,0.0,0.0,0.0,0.0,0.0,0.0,0.0,0.0,0.0,0.0,0.0,0.0,2,0,0,0,0,0,0,0,0,0,0,0
434752747,0,0.0,0.0,0,0.0055976342,-0.01772194,0.09403436,0.0,0.0,0.0,0.0,0.0,0.0,0.0,0.0,0.0,0.0,0.0,0.0,0.0,0.0,0.0,0.0,0.0,0.0,0.0,0.0,0.0,2,0,0,0,0,0,0,0,0,0,0,0
434859673,0,0.0,0.0,0,0.005166686,-0.019491168,0.07898188,0.0,0.0,0.0,0.0,0.0,0.0,0.0,0.0,0.0,0.0,0.0,0.0,0.0,0.0,0.0,0.0,0.0,0.0,0.0,0.0,0.0,2,0,0,0,0,0,0,0,0,0,0,0
434959793,0,0.0,0.0,0,0.0029855696,-0.020519659,0.10433257,0.0,0.0,0.0,0.0,0.0,0.0,0.0,0.0,0.0,0.0,0.0,0.0,0.0,0.0,0.0,0.0,0.0,0.0,0.0,0.0,0.0,2,0,0,0,0,0,0,0,0,0,0,0
435050448,0,0.0,0.0,0,-0.0044787372,-0.01926636,0.09060528,0.0,0.0,0.0,0.0,0.0,0.0,0.0,0.0,0.0,0.0,0.0,0.0,0.0,0.0,0.0,0.0,0.0,0.0,0.0,0.0,0.0,2,0,0,0,0,0,0,0,0,0,0,0
435148846,0,0.0,0.0,0,-0.014084275,-0.018092876,0.086950965,0.0,0.0,0.0,0.0,0.0,0.0,0.0,0.0,0.0,0.0,0.0,0.0,0.0,0.0,0.0,0.0,0.0,0.0,0.0,0.0,0.0,2,0,0,0,0,0,0,0,0,0,0,0
435255174,0,0.0,0.0,0,-0.025585279,-0.01583066,0.100540265,0.0,0.0,0.0,0.0,0.0,0.0,0.0,0.0,0.0,0.0,0.0,0.0,0.0,0.0,0.0,0.0,0.0,0.0,0.0,0.0,0.0,2,0,0,0,0,0,0,0,0,0,0,0
435360354,0,0.0,0.0,0,-0.038922973,-0.0114878155,0.09885513,0.0,0.0,0.0,0.0,0.0,0.0,0.0,0.0,0.0,0.0,0.0,0.0,0.0,0.0,0.0,0.0,0.0,0.0,0.0,0.0,0.0,2,0,0,0,0,0,0,0,0,0,0,0
435453910,0,0.0,0.0,0,-0.052799407,-0.0055085616,0.104024895,0.0,0.0,0.0,0.0,0.0,0.0,0.0,0.0,0.0,0.0,0.0,0.0,0.0,0.0,0.0,0.0,0.0,0.0,0.0,0.0,0.0,2,0,0,0,0,0,0,0,0,0,0,0
435554520,0,0.0,0.0,0,-0.06435853,0.0027567926,0.08849416,0.0,0.0,0.0,0.0,0.0,0.0,0.0,0.0,0.0,0.0,0.0,0.0,0.0,0.0,0.0,0.0,0.0,0.0,0.0,0.0,0.0,2,0,0,0,0,0,0,0,0,0,0,0
435654737,0,0.0,0.0,0,-0.073558055,0.011782191,0.093767926,0.0,0.0,0.0,0.0,0.0,0.0,0.0,0.0,0.0,0.0,0.0,0.0,0.0,0.0,0.0,0.0,0.0,0.0,0.0,0.0,0.0,2,0,0,0,0,0,0,0,0,0,0,0
435759563,0,0.0,0.0,0,-0.07913408,0.020823533,0.09338624,0.0,0.0,0.0,0.0,0.0,0.0,0.0,0.0,0.0,0.0,0.0,0.0,0.0,0.0,0.0,0.0,0.0,0.0,0.0,0.0,0.0,2,0,0,0,0,0,0,0,0,0,0,0
435858202,0,0.0,0.0,0,-0.07709127,0.028407615,0.04467539,0.0,0.0,0.0,0.0,0.0,0.0,0.0,0.0,0.0,0.0,0.0,0.0,0.0,0.0,0.0,0.0,0.0,0.0,0.0,0.0,0.0,2,0,0,0,0,0,0,0,0,0,0,0
435966232,0,0.0,0.0,0,-0.07139117,0.034850907,0.042467896,0.0,0.0,0.0,0.0,0.0,0.0,0.0,0.0,0.0,0.0,0.0,0.0,0.0,0.0,0.0,0.0,0.0,0.0,0.0,0.0,0.0,2,0,0,0,0,0,0,0,0,0,0,0
436056705,0,0.0,0.0,0,-0.059611205,0.036481827,0.020950096,0.0,0.0,0.0,0.0,0.0,0.0,0.0,0.0,0.0,0.0,0.0,0.0,0.0,0.0,0.0,0.0,0.0,0.0,0.0,0.0,0.0,2,0,0,0,0,0,0,0,0,0,0,0
436160108,0,0.0,0.0,0,-0.044127975,0.034678034,-0.005762689,0.0,0.0,0.0,0.0,0.0,0.0,0.0,0.0,0.0,0.0,0.0,0.0,0.0,0.0,0.0,0.0,0.0,0.0,0.0,0.0,0.0,2,0,0,0,0,0,0,0,0,0,0,0
436252746,0,0.0,0.0,0,-0.030661633,0.03048387,-0.03342099,0.0,0.0,0.0,0.0,0.0,0.0,0.0,0.0,0.0,0.0,0.0,0.0,0.0,0.0,0.0,0.0,0.0,0.0,0.0,0.0,0.0,2,0,0,0,0,0,0,0,0,0,0,0
436349853,0,0.0,0.0,0,-0.017216604,0.023456804,-0.042328384,0.0,0.0,0.0,0.0,0.0,0.0,0.0,0.0,0.0,0.0,0.0,0.0,0.0,0.0,0.0,0.0,0.0,0.0,0.0,0.0,0.0,2,0,0,0,0,0,0,0,0,0,0,0
436452435,0,0.0,0.0,0,-0.0067261993,0.016445674,-0.05245009,0.0,0.0,0.0,0.0,0.0,0.0,0.0,0.0,0.0,0.0,0.0,0.0,0.0,0.0,0.0,0.0,0.0,0.0,0.0,0.0,0.0,2,0,0,0,0,0,0,0,0,0,0,0
436551152,0,0.0,0.0,0,-0.0019676054,0.009918034,-0.060851578,0.0,0.0,0.0,0.0,0.0,0.0,0.0,0.0,0.0,0.0,0.0,0.0,0.0,0.0,0.0,0.0,0.0,0.0,0.0,0.0,0.0,2,0,0,0,0,0,0,0,0,0,0,0
436658827,0,0.0,0.0,0,-0.0010279214,0.0031709755,-0.079237424,0.0,0.0,0.0,0.0,0.0,0.0,0.0,0.0,0.0,0.0,0.0,0.0,0.0,0.0,0.0,0.0,0.0,0.0,0.0,0.0,0.0,2,0,0,0,0,0,0,0,0,0,0,0
436759187,0,0.0,0.0,0,-0.0025057686,-0.0018093257,-0.08362266,0.0,0.0,0.0,0.0,0.0,0.0,0.0,0.0,0.0,0.0,0.0,0.0,0.0,0.0,0.0,0.0,0.0,0.0,0.0,0.0,0.0,2,0,0,0,0,0,0,0,0,0,0,0
436862510,0,0.0,0.0,0,-0.0066322153,-0.0049637775,-0.07999576,0.0,0.0,0.0,0.0,0.0,0.0,0.0,0.0,0.0,0.0,0.0,0.0,0.0,0.0,0.0,0.0,0.0,0.0,0.0,0.0,0.0,2,0,0,0,0,0,0,0,0,0,0,0
436956296,0,0.0,0.0,0,-0.013083462,-0.0058271657,-0.03502648,0.0,0.0,0.0,0.0,0.0,0.0,0.0,0.0,0.0,0.0,0.0,0.0,0.0,0.0,0.0,0.0,0.0,0.0,0.0,0.0,0.0,2,0,0,0,0,0,0,0,0,0,0,0
437059192,0,0.0,0.0,0,-0.02059674,-0.0066657215,-0.04460783,0.0,0.0,0.0,0.0,0.0,0.0,0.0,0.0,0.0,0.0,0.0,0.0,0.0,0.0,0.0,0.0,0.0,0.0,0.0,0.0,0.0,2,0,0,0,0,0,0,0,0,0,0,0
437161510,0,0.0,0.0,0,-0.029731713,-0.0053540417,-0.026614217,0.0,0.0,0.0,0.0,0.0,0.0,0.0,0.0,0.0,0.0,0.0,0.0,0.0,0.0,0.0,0.0,0.0,0.0,0.0,0.0,0.0,2,0,0,0,0,0,0,0,0,0,0,0
437258447,0,0.0,0.0,0,-0.03856892,-0.0030991603,-0.018399289,0.0,0.0,0.0,0.0,0.0,0.0,0.0,0.0,0.0,0.0,0.0,0.0,0.0,0.0,0.0,0.0,0.0,0.0,0.0,0.0,0.0,2,0,0,0,0,0,0,0,0,0,0,0
437358082,0,0.0,0.0,0,-0.046083994,-0.00039764328,0.006188821,0.0,0.0,0.0,0.0,0.0,0.0,0.0,0.0,0.0,0.0,0.0,0.0,0.0,0.0,0.0,0.0,0.0,0.0,0.0,0.0,0.0,2,0,0,0,0,0,0,0,0,0,0,0
437454162,0,0.0,0.0,0,-0.04972911,0.0033274677,0.009682149,0.0,0.0,0.0,0.0,0.0,0.0,0.0,0.0,0.0,0.0,0.0,0.0,0.0,0.0,0.0,0.0,0.0,0.0,0.0,0.0,0.0,2,0,0,0,0,0,0,0,0,0,0,0
437556012,0,0.0,0.0,0,-0.04836899,0.008104312,0.021513987,0.0,0.0,0.0,0.0,0.0,0.0,0.0,0.0,0.0,0.0,0.0,0.0,0.0,0.0,0.0,0.0,0.0,0.0,0.0,0.0,0.0,2,0,0,0,0,0,0,0,0,0,0,0
437654356,0,0.0,0.0,0,-0.04356137,0.013330599,0.024052061,0.0,0.0,0.0,0.0,0.0,0.0,0.0,0.0,0.0,0.0,0.0,0.0,0.0,0.0,0.0,0.0,0.0,0.0,0.0,0.0,0.0,2,0,0,0,0,0,0,0,0,0,0,0
437762094,0,0.0,0.0,0,-0.0360561,0.020241616,0.058587965,0.0,0.0,0.0,0.0,0.0,0.0,0.0,0.0,0.0,0.0,0.0,0.0,0.0,0.0,0.0,0.0,0.0,0.0,0.0,0.0,0.0,2,0,0,0,0,0,0,0,0,0,0,0
437857158,0,0.0,0.0,0,-0.026107587,0.025677027,0.005831486,0.0,0.0,0.0,0.0,0.0,0.0,0.0,0.0,0.0,0.0,0.0,0.0,0.0,0.0,0.0,0.0,0.0,0.0,0.0,0.0,0.0,2,0,0,0,0,0,0,0,0,0,0,0
437960539,0,0.0,0.0,0,-0.01853445,0.032708503,-0.0003343576,0.0,0.0,0.0,0.0,0.0,0.0,0.0,0.0,0.0,0.0,0.0,0.0,0.0,0.0,0.0,0.0,0.0,0.0,0.0,0.0,0.0,2,0,0,0,0,0,0,0,0,0,0,0
438060998,0,0.0,0.0,0,-0.012262311,0.03934198,-0.022400213,0.0,0.0,0.0,0.0,0.0,0.0,0.0,0.0,0.0,0.0,0.0,0.0,0.0,0.0,0.0,0.0,0.0,0.0,0.0,0.0,0.0,2,0,0,0,0,0,0,0,0,0,0,0
438161529,0,0.0,0.0,0,-0.006246816,0.04580541,-0.015398306,0.0,0.0,0.0,0.0,0.0,0.0,0.0,0.0,0.0,0.0,0.0,0.0,0.0,0.0,0.0,0.0,0.0,0.0,0.0,0.0,0.0,2,0,0,0,0,0,0,0,0,0,0,0
438265247,0,0.0,0.0,0,-0.0034195194,0.0534195,-0.03254847,0.0,0.0,0.0,0.0,0.0,0.0,0.0,0.0,0.0,0.0,0.0,0.0,0.0,0.0,0.0,0.0,0.0,0.0,0.0,0.0,0.0,2,0,0,0,0,0,0,0,0,0,0,0
438363303,0,0.0,0.0,0,-0.0016547013,0.06265359,-0.035827983,0.0,0.0,0.0,0.0,0.0,0.0,0.0,0.0,0.0,0.0,0.0,0.0,0.0,0.0,0.0,0.0,0.0,0.0,0.0,0.0,0.0,2,0,0,0,0,0,0,0,0,0,0,0
438461517,0,0.0,0.0,0,-0.0008790591,0.07215259,-0.03734644,0.0,0.0,0.0,0.0,0.0,0.0,0.0,0.0,0.0,0.0,0.0,0.0,0.0,0.0,0.0,0.0,0.0,0.0,0.0,0.0,0.0,2,0,0,0,0,0,0,0,0,0,0,0
438556034,0,0.0,0.0,0,-0.0020415185,0.082298405,-0.024100846,0.0,0.0,0.0,0.0,0.0,0.0,0.0,0.0,0.0,0.0,0.0,0.0,0.0,0.0,0.0,0.0,0.0,0.0,0.0,0.0,0.0,2,0,0,0,0,0,0,0,0,0,0,0
438656069,0,0.0,0.0,0,-0.0039268294,0.091405444,-0.019195473,0.0,0.0,0.0,0.0,0.0,0.0,0.0,0.0,0.0,0.0,0.0,0.0,0.0,0.0,0.0,0.0,0.0,0.0,0.0,0.0,0.0,2,0,0,0,0,0,0,0,0,0,0,0
438762689,0,0.0,0.0,0,-0.008690725,0.09881758,-0.01902562,0.0,0.0,0.0,0.0,0.0,0.0,0.0,0.0,0.0,0.0,0.0,0.0,0.0,0.0,0.0,0.0,0.0,0.0,0.0,0.0,0.0,2,0,0,0,0,0,0,0,0,0,0,0
438858550,0,0.0,0.0,0,-0.012745671,0.10442748,0.0073475162,0.0,0.0,0.0,0.0,0.0,0.0,0.0,0.0,0.0,0.0,0.0,0.0,0.0,0.0,0.0,0.0,0.0,0.0,0.0,0.0,0.0,2,0,0,0,0,0,0,0,0,0,0,0
438951830,0,0.0,0.0,0,-0.017168596,0.10677763,0.007775195,0.0,0.0,0.0,0.0,0.0,0.0,0.0,0.0,0.0,0.0,0.0,0.0,0.0,0.0,0.0,0.0,0.0,0.0,0.0,0.0,0.0,2,0,0,0,0,0,0,0,0,0,0,0
439052618,0,0.0,0.0,0,-0.021854222,0.10517001,0.025200585,0.0,0.0,0.0,0.0,0.0,0.0,0.0,0.0,0.0,0.0,0.0,0.0,0.0,0.0,0.0,0.0,0.0,0.0,0.0,0.0,0.0,2,0,0,0,0,0,0,0,0,0,0,0
439162011,0,0.0,0.0,0,-0.026804209,0.10058414,0.029252863,0.0,0.0,0.0,0.0,0.0,0.0,0.0,0.0,0.0,0.0,0.0,0.0,0.0,0.0,0.0,0.0,0.0,0.0,0.0,0.0,0.0,2,0,0,0,0,0,0,0,0,0,0,0
439256202,0,0.0,0.0,0,-0.031657655,0.09336771,0.032484356,0.0,0.0,0.0,0.0,0.0,0.0,0.0,0.0,0.0,0.0,0.0,0.0,0.0,0.0,0.0,0.0,0.0,0.0,0.0,0.0,0.0,2,0,0,0,0,0,0,0,0,0,0,0
439355377,0,0.0,0.0,0,-0.035772137,0.08384232,0.01752751,0.0,0.0,0.0,0.0,0.0,0.0,0.0,0.0,0.0,0.0,0.0,0.0,0.0,0.0,0.0,0.0,0.0,0.0,0.0,0.0,0.0,2,0,0,0,0,0,0,0,0,0,0,0
439460732,0,0.0,0.0,0,-0.042033136,0.07401827,-0.002078069,0.0,0.0,0.0,0.0,0.0,0.0,0.0,0.0,0.0,0.0,0.0,0.0,0.0,0.0,0.0,0.0,0.0,0.0,0.0,0.0,0.0,2,0,0,0,0,0,0,0,0,0,0,0
439560689,0,0.0,0.0,0,-0.047530863,0.06452973,-0.023692876,0.0,0.0,0.0,0.0,0.0,0.0,0.0,0.0,0.0,0.0,0.0,0.0,0.0,0.0,0.0,0.0,0.0,0.0,0.0,0.0,0.0,2,0,0,0,0,0,0,0,0,0,0,0
439656551,0,0.0,0.0,0,-0.055581193,0.058514286,-0.021686742,0.0,0.0,0.0,0.0,0.0,0.0,0.0,0.0,0.0,0.0,0.0,0.0,0.0,0.0,0.0,0.0,0.0,0.0,0.0,0.0,0.0,2,0,0,0,0,0,0,0,0,0,0,0
439763922,0,0.0,0.0,0,-0.06407986,0.054079425,-0.057239085,0.0,0.0,0.0,0.0,0.0,0.0,0.0,0.0,0.0,0.0,0.0,0.0,0.0,0.0,0.0,0.0,0.0,0.0,0.0,0.0,0.0,2,0,0,0,0,0,0,0,0,0,0,0
439858926,0,0.0,0.0,0,-0.07281327,0.050860323,-0.08201332,0.0,0.0,0.0,0.0,0.0,0.0,0.0,0.0,0.0,0.0,0.0,0.0,0.0,0.0,0.0,0.0,0.0,0.0,0.0,0.0,0.0,2,0,0,0,0,0,0,0,0,0,0,0
439958049,0,0.0,0.0,0,-0.08234177,0.050085783,-0.08086454,0.0,0.0,0.0,0.0,0.0,0.0,0.0,0.0,0.0,0.0,0.0,0.0,0.0,0.0,0.0,0.0,0.0,0.0,0.0,0.0,0.0,2,0,0,0,0,0,0,0,0,0,0,0
440063464,0,0.0,0.0,0,-0.09147003,0.049633283,-0.08988794,0.0,0.0,0.0,0.0,0.0,0.0,0.0,0.0,0.0,0.0,0.0,0.0,0.0,0.0,0.0,0.0,0.0,0.0,0.0,0.0,0.0,2,0,0,0,0,0,0,0,0,0,0,0
440159199,0,0.0,0.0,0,-0.10134089,0.05061899,-0.07065508,0.0,0.0,0.0,0.0,0.0,0.0,0.0,0.0,0.0,0.0,0.0,0.0,0.0,0.0,0.0,0.0,0.0,0.0,0.0,0.0,0.0,2,0,0,0,0,0,0,0,0,0,0,0
440256953,0,0.0,0.0,0,-0.10990278,0.05030098,-0.06259145,0.0,0.0,0.0,0.0,0.0,0.0,0.0,0.0,0.0,0.0,0.0,0.0,0.0,0.0,0.0,0.0,0.0,0.0,0.0,0.0,0.0,2,0,0,0,0,0,0,0,0,0,0,0
440354980,0,0.0,0.0,0,-0.116576,0.049011394,-0.06569895,0.0,0.0,0.0,0.0,0.0,0.0,0.0,0.0,0.0,0.0,0.0,0.0,0.0,0.0,0.0,0.0,0.0,0.0,0.0,0.0,0.0,2,0,0,0,0,0,0,0,0,0,0,0
440457605,0,0.0,0.0,0,-0.12251466,0.048315614,-0.040997095,0.0,0.0,0.0,0.0,0.0,0.0,0.0,0.0,0.0,0.0,0.0,0.0,0.0,0.0,0.0,0.0,0.0,0.0,0.0,0.0,0.0,2,0,0,0,0,0,0,0,0,0,0,0
440563348,0,0.0,0.0,0,-0.12586068,0.04598695,-0.029965153,0.0,0.0,0.0,0.0,0.0,0.0,0.0,0.0,0.0,0.0,0.0,0.0,0.0,0.0,0.0,0.0,0.0,0.0,0.0,0.0,0.0,2,0,0,0,0,0,0,0,0,0,0,0
440657008,0,0.0,0.0,0,-0.12542298,0.041996453,-0.04394189,0.0,0.0,0.0,0.0,0.0,0.0,0.0,0.0,0.0,0.0,0.0,0.0,0.0,0.0,0.0,0.0,0.0,0.0,0.0,0.0,0.0,2,0,0,0,0,0,0,0,0,0,0,0
440765911,0,0.0,0.0,0,-0.12859324,0.039634563,0.06334006,0.0,0.0,0.0,0.0,0.0,0.0,0.0,0.0,0.0,0.0,0.0,0.0,0.0,0.0,0.0,0.0,0.0,0.0,0.0,0.0,0.0,2,0,0,0,0,0,0,0,0,0,0,0
440860155,0,0.0,0.0,0,-0.12420499,0.036369912,-0.03832697,0.0,0.0,0.0,0.0,0.0,0.0,0.0,0.0,0.0,0.0,0.0,0.0,0.0,0.0,0.0,0.0,0.0,0.0,0.0,0.0,0.0,2,0,0,0,0,0,0,0,0,0,0,0
440963428,0,0.0,0.0,0,-0.119772665,0.03452067,-0.0035713203,0.0,0.0,0.0,0.0,0.0,0.0,0.0,0.0,0.0,0.0,0.0,0.0,0.0,0.0,0.0,0.0,0.0,0.0,0.0,0.0,0.0,2,0,0,0,0,0,0,0,0,0,0,0
441063571,0,0.0,0.0,0,-0.1139652,0.033422478,-0.008293742,0.0,0.0,0.0,0.0,0.0,0.0,0.0,0.0,0.0,0.0,0.0,0.0,0.0,0.0,0.0,0.0,0.0,0.0,0.0,0.0,0.0,2,0,0,0,0,0,0,0,0,0,0,0
441162154,0,0.0,0.0,0,-0.10806927,0.031272024,-0.02276287,0.0,0.0,0.0,0.0,0.0,0.0,0.0,0.0,0.0,0.0,0.0,0.0,0.0,0.0,0.0,0.0,0.0,0.0,0.0,0.0,0.0,2,0,0,0,0,0,0,0,0,0,0,0
441260817,0,0.0,0.0,0,-0.0981583,0.030615626,-0.05424792,0.0,0.0,0.0,0.0,0.0,0.0,0.0,0.0,0.0,0.0,0.0,0.0,0.0,0.0,0.0,0.0,0.0,0.0,0.0,0.0,0.0,2,0,0,0,0,0,0,0,0,0,0,0
441358680,0,0.0,0.0,0,-0.08989935,0.030531354,-0.059129328,0.0,0.0,0.0,0.0,0.0,0.0,0.0,0.0,0.0,0.0,0.0,0.0,0.0,0.0,0.0,0.0,0.0,0.0,0.0,0.0,0.0,2,0,0,0,0,0,0,0,0,0,0,0
441456378,0,0.0,0.0,0,-0.0789932,0.031375308,-0.1091904,0.0,0.0,0.0,0.0,0.0,0.0,0.0,0.0,0.0,0.0,0.0,0.0,0.0,0.0,0.0,0.0,0.0,0.0,0.0,0.0,0.0,2,0,0,0,0,0,0,0,0,0,0,0
441556805,0,0.0,0.0,0,-0.06956061,0.035223465,-0.06746125,0.0,0.0,0.0,0.0,0.0,0.0,0.0,0.0,0.0,0.0,0.0,0.0,0.0,0.0,0.0,0.0,0.0,0.0,0.0,0.0,0.0,2,0,0,0,0,0,0,0,0,0,0,0
441753569,0,0.0,0.0,0,-0.052280724,0.04119189,-0.06817628,0.0,0.0,0.0,0.0,0.0,0.0,0.0,0.0,0.0,0.0,0.0,0.0,0.0,0.0,0.0,0.0,0.0,0.0,0.0,0.0,0.0,2,0,0,0,0,0,0,0,0,0,0,0
441857415,0,0.0,0.0,0,-0.046517197,0.046958692,-0.06820172,0.0,0.0,0.0,0.0,0.0,0.0,0.0,0.0,0.0,0.0,0.0,0.0,0.0,0.0,0.0,0.0,0.0,0.0,0.0,0.0,0.0,2,0,0,0,0,0,0,0,0,0,0,0
441962633,0,0.0,0.0,0,-0.040753342,0.05272576,-0.06821277,0.0,0.0,0.0,0.0,0.0,0.0,0.0,0.0,0.0,0.0,0.0,0.0,0.0,0.0,0.0,0.0,0.0,0.0,0.0,0.0,0.0,2,0,0,0,0,0,0,0,0,0,0,0
442059214,0,0.0,0.0,0,-0.036866546,0.058521584,-0.072266795,0.0,0.0,0.0,0.0,0.0,0.0,0.0,0.0,0.0,0.0,0.0,0.0,0.0,0.0,0.0,0.0,0.0,0.0,0.0,0.0,0.0,2,0,0,0,0,0,0,0,0,0,0,0
442157823,0,0.0,0.0,0,-0.03460917,0.06416673,-0.07135732,0.0,0.0,0.0,0.0,0.0,0.0,0.0,0.0,0.0,0.0,0.0,0.0,0.0,0.0,0.0,0.0,0.0,0.0,0.0,0.0,0.0,2,0,0,0,0,0,0,0,0,0,0,0
442265942,0,0.0,0.0,0,-0.03304557,0.0743395,0.031253617,0.0,0.0,0.0,0.0,0.0,0.0,0.0,0.0,0.0,0.0,0.0,0.0,0.0,0.0,0.0,0.0,0.0,0.0,0.0,0.0,0.0,2,0,0,0,0,0,0,0,0,0,0,0
442357337,0,0.0,0.0,0,-0.030300198,0.081595495,-0.08568996,0.0,0.0,0.0,0.0,0.0,0.0,0.0,0.0,0.0,0.0,0.0,0.0,0.0,0.0,0.0,0.0,0.0,0.0,0.0,0.0,0.0,2,0,0,0,0,0,0,0,0,0,0,0
442459526,0,0.0,0.0,0,-0.025349073,0.09115656,-0.15346804,0.0,0.0,0.0,0.0,0.0,0.0,0.0,0.0,0.0,0.0,0.0,0.0,0.0,0.0,0.0,0.0,0.0,0.0,0.0,0.0,0.0,2,0,0,0,0,0,0,0,0,0,0,0
442558673,0,0.0,0.0,0,-0.017757691,0.099701725,-0.21292181,0.0,0.0,0.0,0.0,0.0,0.0,0.0,0.0,0.0,0.0,0.0,0.0,0.0,0.0,0.0,0.0,0.0,0.0,0.0,0.0,0.0,2,0,0,0,0,0,0,0,0,0,0,0
442667587,0,0.0,0.0,0,-0.004871505,0.10769338,-0.33790335,0.0,0.0,0.0,0.0,0.0,0.0,0.0,0.0,0.0,0.0,0.0,0.0,0.0,0.0,0.0,0.0,0.0,0.0,0.0,0.0,0.0,2,0,0,0,0,0,0,0,0,0,0,0
442758837,0,0.0,0.0,0,0.013427868,0.11174767,-0.53931105,0.0,0.0,0.0,0.0,0.0,0.0,0.0,0.0,0.0,0.0,0.0,0.0,0.0,0.0,0.0,0.0,0.0,0.0,0.0,0.0,0.0,2,0,0,0,0,0,0,0,0,0,0,0
442857307,0,0.0,0.0,0,0.051576383,0.105515435,-0.67429,0.0,0.0,0.0,0.0,0.0,0.0,0.0,0.0,0.0,0.0,0.0,0.0,0.0,0.0,0.0,0.0,0.0,0.0,0.0,0.0,0.0,2,0,0,0,0,0,0,0,0,0,0,0
443665026,0,0.0,0.0,0,0.6524817,-0.18200497,-1.0494382,0.0,0.0,0.0,0.0,0.0,0.0,0.0,0.0,0.0,0.0,0.0,0.0,0.0,0.0,0.0,0.0,0.0,0.0,0.0,0.0,0.0,2,0,0,0,0,0,0,0,0,0,0,0
443761376,0,0.0,0.0,0,0.67422736,-0.19342755,-1.0396078,0.0,0.0,0.0,0.0,0.0,0.0,0.0,0.0,0.0,0.0,0.0,0.0,0.0,0.0,0.0,0.0,0.0,0.0,0.0,0.0,0.0,2,0,0,0,0,0,0,0,0,0,0,0
443857633,0,0.0,0.0,0,0.67335624,-0.1937098,-1.0302213,0.0,0.0,0.0,0.0,0.0,0.0,0.0,0.0,0.0,0.0,0.0,0.0,0.0,0.0,0.0,0.0,0.0,0.0,0.0,0.0,0.0,2,0,0,0,0,0,0,0,0,0,0,0
443956495,0,0.0,0.0,0,0.65710855,-0.18517573,-1.0252728,0.0,0.0,0.0,0.0,0.0,0.0,0.0,0.0,0.0,0.0,0.0,0.0,0.0,0.0,0.0,0.0,0.0,0.0,0.0,0.0,0.0,2,0,0,0,0,0,0,0,0,0,0,0
444056968,0,0.0,0.0,0,0.63244057,-0.16951309,-1.0140129,0.0,0.0,0.0,0.0,0.0,0.0,0.0,0.0,0.0,0.0,0.0,0.0,0.0,0.0,0.0,0.0,0.0,0.0,0.0,0.0,0.0,2,0,0,0,0,0,0,0,0,0,0,0
444157246,0,0.0,0.0,0,0.6026824,-0.15082844,-1.0016755,0.0,0.0,0.0,0.0,0.0,0.0,0.0,0.0,0.0,0.0,0.0,0.0,0.0,0.0,0.0,0.0,0.0,0.0,0.0,0.0,0.0,2,0,0,0,0,0,0,0,0,0,0,0
444262401,0,0.0,0.0,0,0.55729437,-0.12849128,-1.0471207,0.0,0.0,0.0,0.0,0.0,0.0,0.0,0.0,0.0,0.0,0.0,0.0,0.0,0.0,0.0,0.0,0.0,0.0,0.0,0.0,0.0,2,0,0,0,0,0,0,0,0,0,0,0
444363651,0,0.0,0.0,0,0.51283604,-0.106348194,-1.0738758,0.0,0.0,0.0,0.0,0.0,0.0,0.0,0.0,0.0,0.0,0.0,0.0,0.0,0.0,0.0,0.0,0.0,0.0,0.0,0.0,0.0,2,0,0,0,0,0,0,0,0,0,0,0
444464749,0,0.0,0.0,0,0.4712758,-0.08613416,-1.0710751,0.0,0.0,0.0,0.0,0.0,0.0,0.0,0.0,0.0,0.0,0.0,0.0,0.0,0.0,0.0,0.0,0.0,0.0,0.0,0.0,0.0,2,0,0,0,0,0,0,0,0,0,0,0
445064345,0,0.0,0.0,0,0.22759117,0.0065580346,0.06957836,0.0,0.0,0.0,0.0,0.0,0.0,0.0,0.0,0.0,0.0,0.0,0.0,0.0,0.0,0.0,0.0,0.0,0.0,0.0,0.0,0.0,2,0,0,0,0,0,0,0,0,0,0,0
445164550,0,0.0,0.0,0,0.23169707,0.022666816,-0.095872626,0.0,0.0,0.0,0.0,0.0,0.0,0.0,0.0,0.0,0.0,0.0,0.0,0.0,0.0,0.0,0.0,0.0,0.0,0.0,0.0,0.0,2,0,0,0,0,0,0,0,0,0,0,0
445255426,0,0.0,0.0,0,0.22527924,0.037501752,-0.18161704,0.0,0.0,0.0,0.0,0.0,0.0,0.0,0.0,0.0,0.0,0.0,0.0,0.0,0.0,0.0,0.0,0.0,0.0,0.0,0.0,0.0,2,0,0,0,0,0,0,0,0,0,0,0
445364847,0,0.0,0.0,0,0.21008995,0.05442709,-0.17635664,0.0,0.0,0.0,0.0,0.0,0.0,0.0,0.0,0.0,0.0,0.0,0.0,0.0,0.0,0.0,0.0,0.0,0.0,0.0,0.0,0.0,2,0,0,0,0,0,0,0,0,0,0,0
445464667,0,0.0,0.0,0,0.19052748,0.07619923,-0.050913077,0.0,0.0,0.0,0.0,0.0,0.0,0.0,0.0,0.0,0.0,0.0,0.0,0.0,0.0,0.0,0.0,0.0,0.0,0.0,0.0,0.0,2,0,0,0,0,0,0,0,0,0,0,0
445660470,0,0.0,0.0,0,0.18087687,0.08948833,0.110723995,0.0,0.0,0.0,0.0,0.0,0.0,0.0,0.0,0.0,0.0,0.0,0.0,0.0,0.0,0.0,0.0,0.0,0.0,0.0,0.0,0.0,2,0,0,0,0,0,0,0,0,0,0,0
445856071,0,0.0,0.0,0,0.19054629,0.056216415,0.1520231,0.0,0.0,0.0,0.0,0.0,0.0,0.0,0.0,0.0,0.0,0.0,0.0,0.0,0.0,0.0,0.0,0.0,0.0,0.0,0.0,0.0,2,0,0,0,0,0,0,0,0,0,0,0
445955733,0,0.0,0.0,0,0.19134612,0.059908245,0.1661795,0.0,0.0,0.0,0.0,0.0,0.0,0.0,0.0,0.0,0.0,0.0,0.0,0.0,0.0,0.0,0.0,0.0,0.0,0.0,0.0,0.0,2,0,0,0,0,0,0,0,0,0,0,0
446057721,0,0.0,0.0,0,0.19153072,0.057962384,0.15683661,0.0,0.0,0.0,0.0,0.0,0.0,0.0,0.0,0.0,0.0,0.0,0.0,0.0,0.0,0.0,0.0,0.0,0.0,0.0,0.0,0.0,2,0,0,0,0,0,0,0,0,0,0,0
446160430,0,0.0,0.0,0,0.19210182,0.059458397,0.17113376,0.0,0.0,0.0,0.0,0.0,0.0,0.0,0.0,0.0,0.0,0.0,0.0,0.0,0.0,0.0,0.0,0.0,0.0,0.0,0.0,0.0,2,0,0,0,0,0,0,0,0,0,0,0
446256157,0,0.0,0.0,0,0.19174437,0.059706252,0.1743675,0.0,0.0,0.0,0.0,0.0,0.0,0.0,0.0,0.0,0.0,0.0,0.0,0.0,0.0,0.0,0.0,0.0,0.0,0.0,0.0,0.0,2,0,0,0,0,0,0,0,0,0,0,0
446354552,0,0.0,0.0,0,0.1920117,0.059471827,0.17816187,0.0,0.0,0.0,0.0,0.0,0.0,0.0,0.0,0.0,0.0,0.0,0.0,0.0,0.0,0.0,0.0,0.0,0.0,0.0,0.0,0.0,2,0,0,0,0,0,0,0,0,0,0,0
446460072,0,0.0,0.0,0,0.19217564,0.059169564,0.17094174,0.0,0.0,0.0,0.0,0.0,0.0,0.0,0.0,0.0,0.0,0.0,0.0,0.0,0.0,0.0,0.0,0.0,0.0,0.0,0.0,0.0,2,0,0,0,0,0,0,0,0,0,0,0
446559826,0,0.0,0.0,0,0.19217564,0.059169564,0.17094174,0.0,0.0,0.0,0.0,0.0,0.0,0.0,0.0,0.0,0.0,0.0,0.0,0.0,0.0,0.0,0.0,0.0,0.0,0.0,0.0,0.0,2,0,0,0,0,0,0,0,0,0,0,0
446656721,0,0.0,0.0,0,0.19227959,0.05924892,0.17396407,0.0,0.0,0.0,0.0,0.0,0.0,0.0,0.0,0.0,0.0,0.0,0.0,0.0,0.0,0.0,0.0,0.0,0.0,0.0,0.0,0.0,2,0,0,0,0,0,0,0,0,0,0,0
446752487,0,0.0,0.0,0,0.1924005,0.059148494,0.17593399,0.0,0.0,0.0,0.0,0.0,0.0,0.0,0.0,0.0,0.0,0.0,0.0,0.0,0.0,0.0,0.0,0.0,0.0,0.0,0.0,0.0,2,0,0,0,0,0,0,0,0,0,0,0
446862099,0,0.0,0.0,0,0.19245036,0.059200455,0.17777497,0.0,0.0,0.0,0.0,0.0,0.0,0.0,0.0,0.0,0.0,0.0,0.0,0.0,0.0,0.0,0.0,0.0,0.0,0.0,0.0,0.0,2,0,0,0,0,0,0,0,0,0,0,0
446957591,0,0.0,0.0,0,0.19245906,0.059175298,0.17685372,0.0,0.0,0.0,0.0,0.0,0.0,0.0,0.0,0.0,0.0,0.0,0.0,0.0,0.0,0.0,0.0,0.0,0.0,0.0,0.0,0.0,2,0,0,0,0,0,0,0,0,0,0,0
447064725,0,0.0,0.0,0,0.19244476,0.05928045,0.17942484,0.0,0.0,0.0,0.0,0.0,0.0,0.0,0.0,0.0,0.0,0.0,0.0,0.0,0.0,0.0,0.0,0.0,0.0,0.0,0.0,0.0,2,0,0,0,0,0,0,0,0,0,0,0
447173993,0,0.0,0.0,0,0.19249032,0.05932703,0.18109897,0.0,0.0,0.0,0.0,0.0,0.0,0.0,0.0,0.0,0.0,0.0,0.0,0.0,0.0,0.0,0.0,0.0,0.0,0.0,0.0,0.0,2,0,0,0,0,0,0,0,0,0,0,0
447258092,0,0.0,0.0,0,0.19267738,0.05925976,0.17923476,0.0,0.0,0.0,0.0,0.0,0.0,0.0,0.0,0.0,0.0,0.0,0.0,0.0,0.0,0.0,0.0,0.0,0.0,0.0,0.0,0.0,2,0,0,0,0,0,0,0,0,0,0,0
447456304,0,0.0,0.0,0,0.1922594,0.05920533,0.17234117,0.0,0.0,0.0,0.0,0.0,0.0,0.0,0.0,0.0,0.0,0.0,0.0,0.0,0.0,0.0,0.0,0.0,0.0,0.0,0.0,0.0,2,0,0,0,0,0,0,0,0,0,0,0
447552670,0,0.0,0.0,0,0.19266829,0.059265945,0.18451154,0.0,0.0,0.0,0.0,0.0,0.0,0.0,0.0,0.0,0.0,0.0,0.0,0.0,0.0,0.0,0.0,0.0,0.0,0.0,0.0,0.0,2,0,0,0,0,0,0,0,0,0,0,0
447656348,0,0.0,0.0,0,0.19248246,0.0592166,0.17813845,0.0,0.0,0.0,0.0,0.0,0.0,0.0,0.0,0.0,0.0,0.0,0.0,0.0,0.0,0.0,0.0,0.0,0.0,0.0,0.0,0.0,2,0,0,0,0,0,0,0,0,0,0,0
447753666,0,0.0,0.0,0,0.1924005,0.059148494,0.17593399,0.0,0.0,0.0,0.0,0.0,0.0,0.0,0.0,0.0,0.0,0.0,0.0,0.0,0.0,0.0,0.0,0.0,0.0,0.0,0.0,0.0,2,0,0,0,0,0,0,0,0,0,0,0
447855412,0,0.0,0.0,0,0.19234867,0.059024077,0.17359364,0.0,0.0,0.0,0.0,0.0,0.0,0.0,0.0,0.0,0.0,0.0,0.0,0.0,0.0,0.0,0.0,0.0,0.0,0.0,0.0,0.0,2,0,0,0,0,0,0,0,0,0,0,0
447953777,0,0.0,0.0,0,0.19266829,0.059265945,0.18451154,0.0,0.0,0.0,0.0,0.0,0.0,0.0,0.0,0.0,0.0,0.0,0.0,0.0,0.0,0.0,0.0,0.0,0.0,0.0,0.0,0.0,2,0,0,0,0,0,0,0,0,0,0,0
448059673,0,0.0,0.0,0,0.1924005,0.059148494,0.17593399,0.0,0.0,0.0,0.0,0.0,0.0,0.0,0.0,0.0,0.0,0.0,0.0,0.0,0.0,0.0,0.0,0.0,0.0,0.0,0.0,0.0,2,0,0,0,0,0,0,0,0,0,0,0
448161191,0,0.0,0.0,0,0.1924005,0.059148494,0.17593399,0.0,0.0,0.0,0.0,0.0,0.0,0.0,0.0,0.0,0.0,0.0,0.0,0.0,0.0,0.0,0.0,0.0,0.0,0.0,0.0,0.0,2,0,0,0,0,0,0,0,0,0,0,0
448273165,0,0.0,0.0,0,0.1924005,0.059148494,0.17593399,0.0,0.0,0.0,0.0,0.0,0.0,0.0,0.0,0.0,0.0,0.0,0.0,0.0,0.0,0.0,0.0,0.0,0.0,0.0,0.0,0.0,2,0,0,0,0,0,0,0,0,0,0,0
448359175,0,0.0,0.0,0,0.19217564,0.059169564,0.17094174,0.0,0.0,0.0,0.0,0.0,0.0,0.0,0.0,0.0,0.0,0.0,0.0,0.0,0.0,0.0,0.0,0.0,0.0,0.0,0.0,0.0,2,0,0,0,0,0,0,0,0,0,0,0
448464344,0,0.0,0.0,0,0.1924005,0.059148494,0.17593399,0.0,0.0,0.0,0.0,0.0,0.0,0.0,0.0,0.0,0.0,0.0,0.0,0.0,0.0,0.0,0.0,0.0,0.0,0.0,0.0,0.0,2,0,0,0,0,0,0,0,0,0,0,0
448551716,0,0.0,0.0,0,0.19244476,0.05928045,0.17942484,0.0,0.0,0.0,0.0,0.0,0.0,0.0,0.0,0.0,0.0,0.0,0.0,0.0,0.0,0.0,0.0,0.0,0.0,0.0,0.0,0.0,2,0,0,0,0,0,0,0,0,0,0,0
448654703,0,0.0,0.0,0,0.1924005,0.059148494,0.17593399,0.0,0.0,0.0,0.0,0.0,0.0,0.0,0.0,0.0,0.0,0.0,0.0,0.0,0.0,0.0,0.0,0.0,0.0,0.0,0.0,0.0,2,0,0,0,0,0,0,0,0,0,0,0
448755699,0,0.0,0.0,0,0.19208264,0.05930287,0.17018066,0.0,0.0,0.0,0.0,0.0,0.0,0.0,0.0,0.0,0.0,0.0,0.0,0.0,0.0,0.0,0.0,0.0,0.0,0.0,0.0,0.0,2,0,0,0,0,0,0,0,0,0,0,0
448860275,0,0.0,0.0,0,0.19267738,0.05925976,0.17923476,0.0,0.0,0.0,0.0,0.0,0.0,0.0,0.0,0.0,0.0,0.0,0.0,0.0,0.0,0.0,0.0,0.0,0.0,0.0,0.0,0.0,2,0,0,0,0,0,0,0,0,0,0,0
448958839,0,0.0,0.0,0,0.19227959,0.05924892,0.17396407,0.0,0.0,0.0,0.0,0.0,0.0,0.0,0.0,0.0,0.0,0.0,0.0,0.0,0.0,0.0,0.0,0.0,0.0,0.0,0.0,0.0,2,0,0,0,0,0,0,0,0,0,0,0
449065147,0,0.0,0.0,0,0.1924005,0.059148494,0.17593399,0.0,0.0,0.0,0.0,0.0,0.0,0.0,0.0,0.0,0.0,0.0,0.0,0.0,0.0,0.0,0.0,0.0,0.0,0.0,0.0,0.0,2,0,0,0,0,0,0,0,0,0,0,0
449162977,0,0.0,0.0,0,0.1924005,0.059148494,0.17593399,0.0,0.0,0.0,0.0,0.0,0.0,0.0,0.0,0.0,0.0,0.0,0.0,0.0,0.0,0.0,0.0,0.0,0.0,0.0,0.0,0.0,2,0,0,0,0,0,0,0,0,0,0,0
